distribution,active_tokens,L_over_T_max,policy,selected_auto_path,median_us,median_ci_low_us,median_ci_high_us,p05_us,p95_us,sample_count,samples_us,active_chunks,active_tasks,capacity_chunks,capacity_tasks,worker_count,launched_tasks,speedup_vs_static
one_long,1024,0.0625,static,persistent,26.784000918269157,26.59199945628643,26.87999978661537,25.74240043759346,27.689599338918924,90,"[29.791999608278275, 26.43200010061264, 25.536000728607178, 27.23200060427189, 25.536000728607178, 26.815999299287796, 27.424000203609467, 25.728000327944756, 26.399999856948853, 26.59199945628643, 27.51999907195568, 26.399999856948853, 26.91200003027916, 26.623999699950218, 26.496000587940216, 25.760000571608543, 26.688000187277794, 26.91200003027916, 26.944000273942947, 26.75200067460537, 26.815999299287796, 27.35999971628189, 26.30399912595749, 26.87999978661537, 26.815999299287796, 27.39199995994568, 25.760000571608543, 27.03999914228916, 27.03999914228916, 25.760000571608543, 28.831999748945236, 25.919999927282333, 25.439999997615814, 26.87999978661537, 26.30399912595749, 26.399999856948853, 26.91200003027916, 26.43200010061264, 26.208000257611275, 26.367999613285065, 26.87999978661537, 26.655999943614006, 26.784000918269157, 26.784000918269157, 27.168000116944313, 26.11199952661991, 26.208000257611275, 26.847999542951584, 26.43200010061264, 27.135999873280525, 26.91200003027916, 26.528000831604004, 28.095999732613564, 25.599999353289604, 26.464000344276428, 27.008000761270523, 26.464000344276428, 26.559999212622643, 26.815999299287796, 26.655999943614006, 29.440000653266907, 26.91200003027916, 26.528000831604004, 27.775999158620834, 26.59199945628643, 26.815999299287796, 26.784000918269157, 27.168000116944313, 26.944000273942947, 27.103999629616737, 26.87999978661537, 26.944000273942947, 26.11199952661991, 26.048000901937485, 26.528000831604004, 26.944000273942947, 26.59199945628643, 27.2000003606081, 26.91200003027916, 27.008000761270523, 27.424000203609467, 26.464000344276428, 27.03999914228916, 26.079999282956123, 26.11199952661991, 26.623999699950218, 26.1439997702837, 26.399999856948853, 27.008000761270523, 27.583999559283257]",16,1024,508,32512,2368,32512,1.0
one_long,1024,0.0625,persistent,persistent,14.655999839305878,14.511999674141407,14.783999882638454,13.945599598810077,15.825599431991577,90,"[17.472000792622566, 15.32800029963255, 14.368000440299511, 15.104000456631184, 14.431999996304512, 14.655999839305878, 15.200000256299973, 14.783999882638454, 14.560000039637089, 14.688000082969666, 14.336000196635723, 15.00799972563982, 14.560000039637089, 15.00799972563982, 14.592000283300877, 14.240000396966934, 14.175999909639359, 15.039999969303608, 13.632000423967838, 14.112000353634357, 13.887999579310417, 14.816000126302242, 14.816000126302242, 14.655999839305878, 14.751999638974667, 14.688000082969666, 14.783999882638454, 14.816000126302242, 14.592000283300877, 14.368000440299511, 16.672000288963318, 15.839999541640282, 14.431999996304512, 14.783999882638454, 15.072000212967396, 15.263999812304974, 14.751999638974667, 14.495999552309513, 14.431999996304512, 14.655999839305878, 15.104000456631184, 14.015999622642994, 14.368000440299511, 13.567999936640263, 14.976000413298607, 13.728000223636627, 14.14399966597557, 14.08000010997057, 14.336000196635723, 14.047999866306782, 14.879999682307243, 15.072000212967396, 14.303999952971935, 14.816000126302242, 15.00799972563982, 14.720000326633453, 15.135999768972397, 14.14399966597557, 14.399999752640724, 14.271999709308147, 16.79999940097332, 14.14399966597557, 15.807999297976494, 15.00799972563982, 14.783999882638454, 15.39199985563755, 14.560000039637089, 13.856000266969204, 16.224000602960587, 14.271999709308147, 14.336000196635723, 15.00799972563982, 14.527999795973301, 15.200000256299973, 14.879999682307243, 14.720000326633453, 14.495999552309513, 14.527999795973301, 14.015999622642994, 15.71200042963028, 15.647999942302704, 14.112000353634357, 15.48799965530634, 14.431999996304512, 14.431999996304512, 14.240000396966934, 14.655999839305878, 14.303999952971935, 14.976000413298607, 14.720000326633453]",16,1024,508,32512,2368,2368,1.8275109997229417
one_long,1024,0.0625,production_auto,persistent,14.639999717473984,14.575600158423185,14.720400318037719,13.806399889290333,15.846400428563356,90,"[16.736000776290894, 15.776000916957855, 15.200000256299973, 14.208000153303146, 15.072000212967396, 14.112000353634357, 14.560000039637089, 14.944000169634819, 14.911999925971031, 15.00799972563982, 14.431999996304512, 13.75999953597784, 16.224000602960587, 14.527999795973301, 14.688000082969666, 14.783999882638454, 14.720000326633453, 14.62399959564209, 14.4640002399683, 14.495999552309513, 14.175999909639359, 14.592000283300877, 14.816000126302242, 14.047999866306782, 14.62399959564209, 14.879999682307243, 14.592000283300877, 13.919999822974205, 13.952000066637993, 14.495999552309513, 15.680000185966492, 14.14399966597557, 15.32800029963255, 14.751999638974667, 14.592000283300877, 14.303999952971935, 14.047999866306782, 13.791999779641628, 14.783999882638454, 14.495999552309513, 14.527999795973301, 14.62399959564209, 14.655999839305878, 14.527999795973301, 14.399999752640724, 14.688000082969666, 14.751999638974667, 14.08000010997057, 14.879999682307243, 14.816000126302242, 14.751999638974667, 14.783999882638454, 14.240000396966934, 14.431999996304512, 23.072000592947006, 15.039999969303608, 14.560000039637089, 14.655999839305878, 13.632000423967838, 14.751999638974667, 15.456000342965126, 15.904000028967857, 15.39199985563755, 13.407999649643898, 14.84800036996603, 14.655999839305878, 14.495999552309513, 14.527999795973301, 14.816000126302242, 14.655999839305878, 14.783999882638454, 14.879999682307243, 14.527999795973301, 14.655999839305878, 14.655999839305878, 14.368000440299511, 15.00799972563982, 14.112000353634357, 14.62399959564209, 15.359999611973763, 14.62399959564209, 13.824000023305416, 14.560000039637089, 14.240000396966934, 14.816000126302242, 14.495999552309513, 15.00799972563982, 26.559999212622643, 15.168000012636185, 13.75999953597784]",16,1024,508,32512,2368,2368,1.8295082947508776
one_long,2048,0.125,static,persistent,26.87999978661537,26.72000043094158,27.008400741033256,26.286400016397238,28.241599816828966,90,"[28.736000880599022, 27.2000003606081, 26.75200067460537, 27.456000447273254, 26.623999699950218, 26.87999978661537, 27.008000761270523, 26.240000501275063, 27.775999158620834, 26.784000918269157, 26.43200010061264, 26.91200003027916, 26.655999943614006, 26.91200003027916, 26.655999943614006, 26.688000187277794, 26.11199952661991, 28.224000707268715, 26.75200067460537, 26.72000043094158, 26.43200010061264, 26.75200067460537, 25.855999439954758, 27.23200060427189, 26.43200010061264, 26.784000918269157, 28.095999732613564, 26.688000187277794, 26.688000187277794, 26.559999212622643, 29.791999608278275, 27.55199931561947, 27.008000761270523, 27.23200060427189, 27.103999629616737, 26.87999978661537, 28.28799933195114, 26.559999212622643, 26.528000831604004, 27.264000847935677, 26.59199945628643, 27.39199995994568, 27.648000046610832, 26.688000187277794, 26.976000517606735, 26.496000587940216, 26.59199945628643, 27.135999873280525, 26.496000587940216, 26.655999943614006, 27.807999402284622, 26.688000187277794, 27.51999907195568, 26.559999212622643, 26.87999978661537, 26.528000831604004, 26.72000043094158, 26.59199945628643, 26.784000918269157, 26.87999978661537, 29.184000566601753, 28.255999088287354, 28.095999732613564, 27.39199995994568, 26.43200010061264, 27.488000690937042, 27.35999971628189, 26.079999282956123, 27.583999559283257, 26.30399912595749, 26.688000187277794, 26.464000344276428, 26.27200074493885, 27.327999472618103, 27.264000847935677, 27.51999907195568, 27.03999914228916, 27.23200060427189, 27.488000690937042, 26.87999978661537, 27.23200060427189, 27.424000203609467, 27.96800062060356, 27.35999971628189, 26.72000043094158, 26.496000587940216, 26.59199945628643, 26.87999978661537, 26.784000918269157, 26.528000831604004]",32,2048,508,32512,2368,32512,1.0
one_long,2048,0.125,persistent,persistent,17.855999991297722,17.055999487638474,18.09599995613098,16.494399961084127,18.609600141644478,90,"[21.088000386953354, 18.65600049495697, 17.08799973130226, 18.49599927663803, 16.64000004529953, 17.055999487638474, 18.432000651955605, 16.607999801635742, 18.52799952030182, 18.239999189972878, 18.33599992096424, 17.920000478625298, 18.559999763965607, 16.79999940097332, 16.672000288963318, 18.624000251293182, 16.64000004529953, 18.592000007629395, 16.607999801635742, 18.592000007629395, 18.52799952030182, 16.51199907064438, 16.831999644637108, 18.464000895619392, 18.464000895619392, 17.952000722289085, 16.51199907064438, 16.575999557971954, 16.64000004529953, 18.17600056529045, 18.303999677300453, 18.20800080895424, 16.672000288963318, 17.44000054895878, 16.48000068962574, 17.08799973130226, 18.303999677300453, 17.75999926030636, 18.271999433636665, 18.303999677300453, 18.112000077962875, 17.983999103307724, 20.06400004029274, 17.88800023496151, 16.575999557971954, 16.48000068962574, 16.51199907064438, 18.400000408291817, 17.952000722289085, 16.575999557971954, 18.144000321626663, 17.023999243974686, 17.88800023496151, 16.863999888300896, 17.823999747633934, 16.448000445961952, 16.767999157309532, 18.079999834299088, 16.672000288963318, 17.952000722289085, 19.392000511288643, 18.52799952030182, 17.055999487638474, 16.64000004529953, 16.92800037562847, 16.896000131964684, 17.055999487638474, 18.20800080895424, 16.736000776290894, 18.303999677300453, 17.311999574303627, 16.607999801635742, 16.767999157309532, 16.672000288963318, 16.767999157309532, 18.33599992096424, 18.400000408291817, 18.432000651955605, 18.33599992096424, 18.271999433636665, 16.831999644637108, 18.49599927663803, 17.952000722289085, 16.607999801635742, 18.464000895619392, 16.672000288963318, 16.416000202298164, 18.592000007629395, 16.383999958634377, 16.992000862956047]",32,2048,508,32512,2368,2368,1.5053763328693759
one_long,2048,0.125,production_auto,persistent,16.896000131964684,16.79999940097332,17.27999933063984,16.412800177931786,18.592000007629395,90,"[18.94400082528591, 17.72800087928772, 17.311999574303627, 18.49599927663803, 16.79999940097332, 16.96000061929226, 18.592000007629395, 16.672000288963318, 16.672000288963318, 16.767999157309532, 18.432000651955605, 16.92800037562847, 16.736000776290894, 17.920000478625298, 16.831999644637108, 18.592000007629395, 18.17600056529045, 16.831999644637108, 16.736000776290894, 17.920000478625298, 17.823999747633934, 16.607999801635742, 18.112000077962875, 16.672000288963318, 16.831999644637108, 16.896000131964684, 16.448000445961952, 18.33599992096424, 17.983999103307724, 16.704000532627106, 31.231999397277832, 18.719999119639397, 16.448000445961952, 17.343999817967415, 16.704000532627106, 16.672000288963318, 18.112000077962875, 16.863999888300896, 17.855999991297722, 16.127999871969223, 16.736000776290894, 16.767999157309532, 16.575999557971954, 16.383999958634377, 16.575999557971954, 16.1920003592968, 16.607999801635742, 16.896000131964684, 16.767999157309532, 16.224000602960587, 17.952000722289085, 16.896000131964684, 16.704000532627106, 18.303999677300453, 18.17600056529045, 17.24799908697605, 16.35199971497059, 16.79999940097332, 16.51199907064438, 18.144000321626663, 18.400000408291817, 16.96000061929226, 16.863999888300896, 16.896000131964684, 18.432000651955605, 18.0479995906353, 16.79999940097332, 18.17600056529045, 16.672000288963318, 16.575999557971954, 16.96000061929226, 16.736000776290894, 18.36800016462803, 16.736000776290894, 18.592000007629395, 16.992000862956047, 18.52799952030182, 18.432000651955605, 18.400000408291817, 18.144000321626663, 16.704000532627106, 16.575999557971954, 16.672000288963318, 16.575999557971954, 16.79999940097332, 16.51199907064438, 16.672000288963318, 18.33599992096424, 18.432000651955605, 17.59999990463257]",32,2048,508,32512,2368,2368,1.5909090658541407
one_long,3072,0.1875,static,persistent,27.520000003278255,27.168000116944313,28.00000086426735,26.72000043094158,29.16960045695305,90,"[29.343999922275543, 28.44800055027008, 27.68000029027462, 27.456000447273254, 26.815999299287796, 27.83999964594841, 27.807999402284622, 26.72000043094158, 26.87999978661537, 27.424000203609467, 26.72000043094158, 26.623999699950218, 28.863999992609024, 26.59199945628643, 28.79999950528145, 29.53599952161312, 27.03999914228916, 28.416000306606293, 26.72000043094158, 27.03999914228916, 26.784000918269157, 26.784000918269157, 27.264000847935677, 27.807999402284622, 28.831999748945236, 28.736000880599022, 26.75200067460537, 26.75200067460537, 26.75200067460537, 27.008000761270523, 30.400000512599945, 26.91200003027916, 28.736000880599022, 28.28799933195114, 26.87999978661537, 26.815999299287796, 26.72000043094158, 26.688000187277794, 27.135999873280525, 28.64000014960766, 28.00000086426735, 28.28799933195114, 28.863999992609024, 28.48000079393387, 28.31999957561493, 27.135999873280525, 27.327999472618103, 26.87999978661537, 27.008000761270523, 27.168000116944313, 28.192000463604927, 28.16000021994114, 27.135999873280525, 27.168000116944313, 28.384000062942505, 28.672000393271446, 26.688000187277794, 27.23200060427189, 26.815999299287796, 26.87999978661537, 29.37600016593933, 27.936000376939774, 27.07199938595295, 28.79999950528145, 27.456000447273254, 27.264000847935677, 29.184000566601753, 27.07199938595295, 27.35999971628189, 26.815999299287796, 28.704000636935234, 28.672000393271446, 28.00000086426735, 28.255999088287354, 27.871999889612198, 29.152000322937965, 27.008000761270523, 27.008000761270523, 27.583999559283257, 28.48000079393387, 29.120000079274178, 28.960000723600388, 28.511999174952507, 28.896000236272812, 26.91200003027916, 26.91200003027916, 28.863999992609024, 28.736000880599022, 28.31999957561493, 27.68000029027462]",48,3072,508,32512,2368,32512,1.0
one_long,3072,0.1875,persistent,persistent,20.70399932563305,20.608000457286835,20.864000543951988,20.01439966261387,21.71359956264496,90,"[22.975999861955643, 22.272000089287758, 21.247999742627144, 20.479999482631683, 20.608000457286835, 21.12000063061714, 20.640000700950623, 20.640000700950623, 20.22399939596653, 20.38400061428547, 19.807999953627586, 21.088000386953354, 20.54399996995926, 20.767999812960625, 20.576000213623047, 20.67199908196926, 20.447999238967896, 20.447999238967896, 20.864000543951988, 20.54399996995926, 20.896000787615776, 20.255999639630318, 20.767999812960625, 20.896000787615776, 20.608000457286835, 20.640000700950623, 20.479999482631683, 21.407999098300934, 20.320000126957893, 20.35200037062168, 21.824000403285027, 21.536000072956085, 19.519999623298645, 20.927999168634415, 20.99199965596199, 20.608000457286835, 20.99199965596199, 20.735999569296837, 21.056000143289566, 20.640000700950623, 20.767999812960625, 21.056000143289566, 20.096000283956528, 21.15200087428093, 20.767999812960625, 20.959999412298203, 20.959999412298203, 20.99199965596199, 20.576000213623047, 20.54399996995926, 19.999999552965164, 20.959999412298203, 20.864000543951988, 21.056000143289566, 21.056000143289566, 20.735999569296837, 20.800000056624413, 20.896000787615776, 19.840000197291374, 20.99199965596199, 23.552000522613525, 21.27999998629093, 21.60000056028366, 20.416000857949257, 20.35200037062168, 20.864000543951988, 20.128000527620316, 20.22399939596653, 21.056000143289566, 21.023999899625778, 21.31200022995472, 20.99199965596199, 20.67199908196926, 20.191999152302742, 20.54399996995926, 20.35200037062168, 20.70399932563305, 21.727999672293663, 19.967999309301376, 20.447999238967896, 20.031999796628952, 20.67199908196926, 20.287999883294106, 20.287999883294106, 20.54399996995926, 20.160000771284103, 21.376000717282295, 20.70399932563305, 21.695999428629875, 20.479999482631683]",48,3072,508,32512,2368,2368,1.3292117899755969
one_long,3072,0.1875,production_auto,persistent,20.735999569296837,20.65559991169721,20.8320003002882,19.996799528598785,21.344000473618507,90,"[22.911999374628067, 21.088000386953354, 21.27999998629093, 20.38400061428547, 20.927999168634415, 20.320000126957893, 20.640000700950623, 20.800000056624413, 20.70399932563305, 20.54399996995926, 20.70399932563305, 21.344000473618507, 20.479999482631683, 20.735999569296837, 20.38400061428547, 21.056000143289566, 20.416000857949257, 20.38400061428547, 20.608000457286835, 20.255999639630318, 20.767999812960625, 20.608000457286835, 20.896000787615776, 20.287999883294106, 20.8320003002882, 20.22399939596653, 20.54399996995926, 20.927999168634415, 20.67199908196926, 20.896000787615776, 23.104000836610794, 20.51199972629547, 21.31200022995472, 21.47199958562851, 21.088000386953354, 21.344000473618507, 21.023999899625778, 20.160000771284103, 19.840000197291374, 20.576000213623047, 20.51199972629547, 20.800000056624413, 20.99199965596199, 20.320000126957893, 20.031999796628952, 19.967999309301376, 19.90400068461895, 21.088000386953354, 20.576000213623047, 20.70399932563305, 20.896000787615776, 20.8320003002882, 20.99199965596199, 20.800000056624413, 21.023999899625778, 20.767999812960625, 20.576000213623047, 21.12000063061714, 20.735999569296837, 21.088000386953354, 21.15200087428093, 21.695999428629875, 20.735999569296837, 20.35200037062168, 20.896000787615776, 20.67199908196926, 20.191999152302742, 20.99199965596199, 21.088000386953354, 20.67199908196926, 20.8320003002882, 20.51199972629547, 21.056000143289566, 21.183999255299568, 20.864000543951988, 20.191999152302742, 20.640000700950623, 20.640000700950623, 20.640000700950623, 21.088000386953354, 20.191999152302742, 20.8320003002882, 20.767999812960625, 20.22399939596653, 19.936000928282738, 21.183999255299568, 21.183999255299568, 19.711999222636223, 20.67199908196926, 21.183999255299568]",48,3072,508,32512,2368,2368,1.3271605215514317
one_long,4096,0.25,static,persistent,28.831999748945236,28.75200007110834,28.960000723600388,28.043200355023146,29.571199789643288,90,"[30.97599931061268, 29.53599952161312, 27.488000690937042, 29.600000008940697, 28.575999662280083, 29.120000079274178, 28.48000079393387, 29.184000566601753, 28.672000393271446, 28.12799997627735, 29.023999348282814, 28.255999088287354, 29.343999922275543, 28.575999662280083, 28.896000236272812, 28.831999748945236, 28.575999662280083, 28.575999662280083, 29.440000653266907, 28.736000880599022, 28.831999748945236, 29.120000079274178, 28.76799926161766, 28.991999104619026, 28.79999950528145, 28.543999418616295, 28.960000723600388, 29.08799983561039, 28.44800055027008, 28.991999104619026, 29.120000079274178, 31.808000057935715, 27.327999472618103, 28.960000723600388, 29.023999348282814, 27.615999802947044, 28.76799926161766, 28.79999950528145, 28.991999104619026, 28.60799990594387, 28.991999104619026, 28.00000086426735, 28.9280004799366, 29.023999348282814, 29.023999348282814, 28.960000723600388, 28.64000014960766, 28.64000014960766, 26.976000517606735, 28.255999088287354, 28.095999732613564, 28.991999104619026, 29.120000079274178, 28.704000636935234, 28.543999418616295, 29.023999348282814, 28.12799997627735, 28.575999662280083, 28.60799990594387, 28.575999662280083, 30.01599945127964, 28.863999992609024, 29.53599952161312, 28.831999748945236, 28.960000723600388, 29.21600081026554, 28.64000014960766, 29.055999591946602, 28.831999748945236, 28.44800055027008, 29.440000653266907, 28.672000393271446, 28.831999748945236, 28.896000236272812, 28.79999950528145, 28.736000880599022, 28.575999662280083, 28.79999950528145, 30.880000442266464, 28.76799926161766, 28.736000880599022, 29.08799983561039, 28.896000236272812, 28.960000723600388, 28.960000723600388, 29.24799919128418, 29.21600081026554, 28.704000636935234, 28.736000880599022, 28.416000306606293]",64,4096,508,32512,2368,32512,1.0
one_long,4096,0.25,persistent,persistent,24.335999973118305,23.96799996495247,24.46440001949668,22.784000262618065,24.966400116682053,90,"[24.70399998128414, 24.09599907696247, 23.104000836610794, 24.480000138282776, 22.6879995316267, 23.32800067961216, 24.831999093294144, 24.351999163627625, 22.911999374628067, 24.320000782608986, 24.4159996509552, 24.671999737620354, 24.73600022494793, 23.871999233961105, 22.784000262618065, 23.840000852942467, 24.512000381946564, 24.671999737620354, 23.679999634623528, 24.54400062561035, 22.943999618291855, 23.48800003528595, 22.911999374628067, 24.768000468611717, 23.871999233961105, 25.248000398278236, 23.16799946129322, 22.816000506281853, 24.607999250292778, 24.73600022494793, 24.831999093294144, 23.423999547958374, 22.752000018954277, 22.784000262618065, 23.264000192284584, 24.159999564290047, 24.639999493956566, 24.064000695943832, 23.00800010561943, 23.00800010561943, 22.784000262618065, 22.911999374628067, 22.87999913096428, 24.800000712275505, 23.04000034928322, 23.104000836610794, 22.6879995316267, 24.73600022494793, 23.04000034928322, 24.57600086927414, 22.6879995316267, 23.00800010561943, 22.911999374628067, 22.784000262618065, 23.04000034928322, 24.639999493956566, 22.975999861955643, 25.02400055527687, 24.25600029528141, 23.96799996495247, 26.016000658273697, 23.264000192284584, 24.639999493956566, 22.943999618291855, 24.831999093294144, 25.119999423623085, 24.86399933695793, 24.191999807953835, 24.89599958062172, 24.4159996509552, 24.351999163627625, 24.768000468611717, 24.447999894618988, 24.351999163627625, 24.73600022494793, 24.671999737620354, 24.800000712275505, 24.480000138282776, 24.639999493956566, 24.288000538945198, 24.89599958062172, 24.320000782608986, 24.159999564290047, 24.831999093294144, 24.512000381946564, 24.4159996509552, 24.4159996509552, 25.02400055527687, 24.383999407291412, 24.800000712275505]",64,4096,508,32512,2368,2368,1.1847468680470594
one_long,4096,0.25,production_auto,persistent,24.607999250292778,24.431999772787094,24.671999737620354,22.79840037226677,25.05600079894066,90,"[26.335999369621277, 24.159999564290047, 23.264000192284584, 24.288000538945198, 24.447999894618988, 24.639999493956566, 24.927999824285507, 24.639999493956566, 24.800000712275505, 24.70399998128414, 23.679999634623528, 25.02400055527687, 24.73600022494793, 24.800000712275505, 25.05600079894066, 24.671999737620354, 24.4159996509552, 24.831999093294144, 24.320000782608986, 24.25600029528141, 24.607999250292778, 24.800000712275505, 23.296000435948372, 24.54400062561035, 23.584000766277313, 24.73600022494793, 24.831999093294144, 24.320000782608986, 24.224000051617622, 24.70399998128414, 25.02400055527687, 23.552000522613525, 23.584000766277313, 24.671999737620354, 24.86399933695793, 24.86399933695793, 24.960000067949295, 24.927999824285507, 24.89599958062172, 24.800000712275505, 24.288000538945198, 24.70399998128414, 24.639999493956566, 25.02400055527687, 25.119999423623085, 22.943999618291855, 24.70399998128414, 24.607999250292778, 25.18399991095066, 25.02400055527687, 24.447999894618988, 23.072000592947006, 24.831999093294144, 24.480000138282776, 24.351999163627625, 23.135999217629433, 24.992000311613083, 24.800000712275505, 23.64799939095974, 24.351999163627625, 25.21600015461445, 25.05600079894066, 23.00800010561943, 24.4159996509552, 24.607999250292778, 24.4159996509552, 24.607999250292778, 24.671999737620354, 22.752000018954277, 24.25600029528141, 23.32800067961216, 22.816000506281853, 22.784000262618065, 24.512000381946564, 23.19999970495701, 24.512000381946564, 23.32800067961216, 24.224000051617622, 22.87999913096428, 22.592000663280487, 24.512000381946564, 24.512000381946564, 24.70399998128414, 24.800000712275505, 22.6879995316267, 24.671999737620354, 22.911999374628067, 24.831999093294144, 22.71999977529049, 24.639999493956566]",64,4096,508,32512,2368,2368,1.1716515209420044
one_long,6144,0.375,static,persistent,33.00799988210201,32.896000891923904,33.08799862861633,32.44800120592117,34.60959903895855,90,"[35.45600175857544, 33.824000507593155, 33.344000577926636, 32.80000016093254, 33.02399814128876, 32.6399989426136, 33.1839993596077, 32.6399989426136, 33.11999887228012, 34.65599939227104, 33.1839993596077, 34.20799970626831, 33.11999887228012, 32.255999743938446, 33.08799862861633, 33.1839993596077, 33.88800099492073, 32.6399989426136, 34.143999218940735, 33.055998384952545, 32.896000891923904, 32.86400064826012, 32.896000891923904, 32.6399989426136, 32.287999987602234, 33.92000123858452, 32.83200040459633, 32.80000016093254, 33.76000002026558, 32.83200040459633, 34.65599939227104, 33.440001308918, 33.02399814128876, 32.44800120592117, 32.735999673604965, 32.99200162291527, 32.83200040459633, 33.15199911594391, 32.607998698949814, 32.86400064826012, 32.92800113558769, 32.735999673604965, 33.76000002026558, 33.055998384952545, 32.96000137925148, 32.896000891923904, 34.88000109791756, 32.896000891923904, 33.08799862861633, 32.80000016093254, 32.287999987602234, 32.99200162291527, 33.376000821590424, 34.07999873161316, 33.88800099492073, 33.31200033426285, 33.504001796245575, 32.86400064826012, 32.896000891923904, 32.67199918627739, 34.623999148607254, 34.36800092458725, 33.376000821590424, 34.07999873161316, 32.92800113558769, 34.591998904943466, 33.24799984693527, 32.86400064826012, 32.735999673604965, 32.287999987602234, 32.96000137925148, 33.02399814128876, 32.896000891923904, 33.952001482248306, 33.440001308918, 33.02399814128876, 32.80000016093254, 32.44800120592117, 32.48000144958496, 33.15199911594391, 32.735999673604965, 32.70399942994118, 33.28000009059906, 32.607998698949814, 32.735999673604965, 33.055998384952545, 32.67199918627739, 32.92800113558769, 34.143999218940735, 33.08799862861633]",96,6144,508,32512,2368,32512,1.0
one_long,6144,0.375,persistent,persistent,30.7839997112751,30.704000033438206,30.880000442266464,29.632000252604485,31.47360123693943,90,"[32.76799991726875, 29.53599952161312, 29.664000496268272, 31.26399964094162, 29.184000566601753, 30.880000442266464, 30.751999467611313, 29.40800040960312, 30.880000442266464, 30.6560005992651, 30.6560005992651, 31.231999397277832, 30.81599995493889, 30.559999868273735, 29.343999922275543, 30.559999868273735, 30.62400035560131, 30.30399978160858, 30.848000198602676, 30.559999868273735, 30.30399978160858, 30.62400035560131, 30.751999467611313, 31.10400028526783, 30.912000685930252, 30.880000442266464, 30.49599938094616, 29.759999364614487, 30.751999467611313, 30.33600002527237, 31.26399964094162, 29.632000252604485, 29.632000252604485, 30.49599938094616, 31.136000528931618, 31.456001102924347, 30.848000198602676, 30.912000685930252, 31.136000528931618, 30.94400092959404, 30.880000442266464, 31.295999884605408, 30.14400042593479, 30.751999467611313, 30.719999223947525, 31.136000528931618, 31.039999797940254, 30.912000685930252, 30.46399913728237, 30.848000198602676, 30.81599995493889, 30.368000268936157, 30.62400035560131, 30.527999624609947, 31.039999797940254, 31.007999554276466, 30.719999223947525, 31.26399964094162, 29.983999207615852, 32.00000151991844, 33.88800099492073, 29.920000582933426, 31.39200061559677, 31.007999554276466, 30.751999467611313, 30.719999223947525, 30.62400035560131, 30.592000111937523, 30.751999467611313, 30.30399978160858, 31.26399964094162, 30.751999467611313, 31.488001346588135, 30.527999624609947, 30.688000842928886, 31.039999797940254, 30.208000913262367, 30.62400035560131, 43.55200007557869, 31.26399964094162, 31.007999554276466, 31.39200061559677, 31.199999153614044, 31.39200061559677, 29.983999207615852, 31.136000528931618, 30.912000685930252, 31.231999397277832, 30.880000442266464, 30.848000198602676]",96,6144,508,32512,2368,2368,1.0722453284721263
one_long,6144,0.375,production_auto,persistent,30.719999223947525,30.57599999010563,30.799999833106995,29.23040008172393,31.47360123693943,90,"[31.360000371932983, 30.7839997112751, 29.632000252604485, 30.94400092959404, 29.40800040960312, 30.49599938094616, 29.56799976527691, 30.271999537944794, 29.311999678611755, 31.136000528931618, 31.136000528931618, 31.072000041604042, 31.488001346588135, 30.14400042593479, 30.912000685930252, 29.24799919128418, 30.559999868273735, 31.10400028526783, 30.368000268936157, 29.21600081026554, 30.432000756263733, 29.152000322937965, 29.055999591946602, 29.184000566601753, 30.33600002527237, 31.136000528931618, 30.33600002527237, 29.24799919128418, 30.592000111937523, 29.184000566601753, 31.168000772595406, 30.432000756263733, 31.328000128269196, 31.647998839616776, 30.62400035560131, 30.751999467611313, 30.880000442266464, 30.880000442266464, 31.39200061559677, 30.49599938094616, 31.007999554276466, 31.328000128269196, 29.69600073993206, 30.94400092959404, 30.62400035560131, 30.751999467611313, 30.912000685930252, 30.62400035560131, 29.920000582933426, 30.6560005992651, 31.87200054526329, 30.880000442266464, 31.039999797940254, 30.81599995493889, 30.81599995493889, 31.647998839616776, 29.69600073993206, 30.559999868273735, 30.719999223947525, 30.848000198602676, 32.99200162291527, 30.751999467611313, 31.456001102924347, 30.94400092959404, 30.559999868273735, 31.456001102924347, 29.952000826597214, 30.46399913728237, 30.719999223947525, 30.112000182271004, 30.33600002527237, 30.432000756263733, 30.559999868273735, 30.559999868273735, 30.592000111937523, 30.719999223947525, 30.688000842928886, 31.295999884605408, 30.527999624609947, 30.7839997112751, 29.503999277949333, 30.751999467611313, 30.527999624609947, 30.97599931061268, 30.688000842928886, 30.751999467611313, 31.007999554276466, 30.848000198602676, 30.848000198602676, 31.007999554276466]",96,6144,508,32512,2368,2368,1.074479189972469
one_long,8192,0.5,static,persistent,40.76800122857094,40.68800061941147,40.832001715898514,39.09759968519211,41.251201182603836,90,"[41.280001401901245, 39.61599990725517, 40.832001715898514, 39.77600112557411, 40.991999208927155, 40.70400074124336, 40.063999593257904, 41.21600091457367, 40.800001472234726, 40.92799872159958, 40.73600098490715, 41.05599969625473, 40.89599847793579, 40.95999896526337, 41.18400067090988, 40.54399952292442, 41.4079986512661, 40.73600098490715, 40.57599976658821, 40.32000154256821, 41.05599969625473, 40.832001715898514, 40.73600098490715, 40.70400074124336, 40.70400074124336, 40.57599976658821, 40.57599976658821, 40.89599847793579, 40.70400074124336, 40.800001472234726, 41.471999138593674, 40.28800129890442, 39.16800022125244, 39.423998445272446, 40.57599976658821, 39.68000039458275, 40.22400081157684, 40.70400074124336, 40.608000010252, 41.18400067090988, 39.0079990029335, 40.44799879193306, 40.95999896526337, 41.37599840760231, 40.192000567913055, 40.672000497579575, 41.21600091457367, 40.09599983692169, 40.800001472234726, 40.800001472234726, 39.20000046491623, 40.32000154256821, 40.832001715898514, 40.12800008058548, 40.95999896526337, 40.832001715898514, 39.0079990029335, 41.05599969625473, 41.02399945259094, 40.95999896526337, 41.08799993991852, 40.32000154256821, 40.608000010252, 40.608000010252, 41.471999138593674, 41.08799993991852, 40.92799872159958, 41.08799993991852, 41.05599969625473, 38.784001022577286, 40.863998234272, 40.76800122857094, 39.03999924659729, 40.92799872159958, 40.991999208927155, 40.863998234272, 40.57599976658821, 41.21600091457367, 41.08799993991852, 40.89599847793579, 39.36000168323517, 40.511999279260635, 40.511999279260635, 40.09599983692169, 40.76800122857094, 38.59199956059456, 40.47999903559685, 41.08799993991852, 40.863998234272, 40.832001715898514]",128,8192,508,32512,2368,32512,1.0
one_long,8192,0.5,persistent,persistent,38.816001266241074,38.72000053524971,38.91199827194214,37.98399865627289,39.28160108625889,90,"[40.32000154256821, 38.72000053524971, 38.816001266241074, 37.76000067591667, 38.94399851560593, 38.91199827194214, 38.55999931693077, 39.16800022125244, 38.495998829603195, 39.07199949026108, 38.495998829603195, 39.03999924659729, 38.784001022577286, 39.16800022125244, 38.2080003619194, 39.103999733924866, 38.68800029158592, 39.135999977588654, 39.07199949026108, 37.98399865627289, 38.176000118255615, 38.816001266241074, 38.84800150990486, 39.135999977588654, 51.872000098228455, 38.015998899936676, 39.0079990029335, 39.264000952243805, 38.14399987459183, 39.0079990029335, 41.08799993991852, 38.015998899936676, 38.784001022577286, 38.59199956059456, 38.495998829603195, 38.27200084924698, 39.03999924659729, 38.07999938726425, 38.72000053524971, 38.84800150990486, 38.68800029158592, 38.72000053524971, 38.36800158023834, 38.816001266241074, 39.16800022125244, 38.816001266241074, 38.2080003619194, 38.656000047922134, 38.68800029158592, 39.264000952243805, 38.62399980425835, 38.27200084924698, 39.264000952243805, 39.16800022125244, 38.62399980425835, 38.84800150990486, 38.656000047922134, 38.975998759269714, 38.975998759269714, 37.91999816894531, 38.784001022577286, 38.07999938726425, 39.32800143957138, 39.03999924659729, 38.7520007789135, 39.29600119590759, 38.975998759269714, 38.2080003619194, 38.68800029158592, 38.68800029158592, 39.0079990029335, 39.20000046491623, 38.7520007789135, 39.16800022125244, 38.68800029158592, 38.91199827194214, 37.91999816894531, 38.68800029158592, 38.94399851560593, 38.94399851560593, 39.03999924659729, 38.94399851560593, 38.91199827194214, 38.72000053524971, 38.91199827194214, 38.88000175356865, 38.14399987459183, 37.98399865627289, 37.98399865627289, 39.264000952243805]",128,8192,508,32512,2368,2368,1.0502885381969407
one_long,8192,0.5,production_auto,persistent,38.80000114440918,38.72000053524971,38.88000175356865,37.966398522257805,39.555199444293976,90,"[41.760001331567764, 37.98399865627289, 39.264000952243805, 39.51999917626381, 38.84800150990486, 38.62399980425835, 38.14399987459183, 38.59199956059456, 38.62399980425835, 38.62399980425835, 38.88000175356865, 39.23200070858002, 38.72000053524971, 38.88000175356865, 40.09599983692169, 38.91199827194214, 39.423998445272446, 38.975998759269714, 39.48799893260002, 38.88000175356865, 38.816001266241074, 38.72000053524971, 38.784001022577286, 38.047999143600464, 38.975998759269714, 38.784001022577286, 39.07199949026108, 38.2080003619194, 37.9519984126091, 38.816001266241074, 39.583999663591385, 38.91199827194214, 37.151999771595, 39.20000046491623, 38.55999931693077, 37.28000074625015, 38.91199827194214, 39.103999733924866, 37.43999823927879, 38.975998759269714, 38.91199827194214, 38.656000047922134, 38.36800158023834, 38.656000047922134, 38.84800150990486, 38.07999938726425, 38.84800150990486, 38.7520007789135, 38.816001266241074, 38.015998899936676, 39.03999924659729, 38.784001022577286, 39.903998374938965, 38.94399851560593, 38.656000047922134, 37.47199848294258, 38.784001022577286, 38.84800150990486, 38.68800029158592, 38.46399858593941, 40.28800129890442, 38.07999938726425, 38.72000053524971, 38.656000047922134, 38.68800029158592, 38.975998759269714, 39.0079990029335, 38.55999931693077, 38.94399851560593, 38.68800029158592, 38.59199956059456, 38.975998759269714, 39.29600119590759, 39.32800143957138, 38.59199956059456, 39.23200070858002, 38.43199834227562, 38.91199827194214, 38.55999931693077, 38.91199827194214, 38.14399987459183, 38.7520007789135, 39.03999924659729, 39.16800022125244, 38.72000053524971, 38.656000047922134, 38.2080003619194, 39.03999924659729, 39.07199949026108, 38.27200084924698]",128,8192,508,32512,2368,2368,1.0507216501576144
one_long,10240,0.625,static,persistent,46.94399982690811,46.84799909591675,47.00800031423569,45.48639990389347,47.90719971060753,90,"[48.19199815392494, 46.30399867892265, 47.26399853825569, 46.68800160288811, 46.81599885225296, 46.94399982690811, 47.00800031423569, 47.16800153255463, 47.10400104522705, 48.128001391887665, 47.00800031423569, 46.9760000705719, 46.9760000705719, 46.52800038456917, 46.911999583244324, 46.81599885225296, 46.84799909591675, 47.07200080156326, 46.94399982690811, 46.68800160288811, 46.9760000705719, 46.30399867892265, 46.33599892258644, 47.07200080156326, 47.07200080156326, 46.68800160288811, 46.68800160288811, 46.560000628232956, 46.94399982690811, 47.07200080156326, 48.86399954557419, 46.431999653577805, 45.72800174355507, 47.87199944257736, 46.271998435258865, 45.21600157022476, 47.10400104522705, 45.471999794244766, 47.359999269247055, 47.488000243902206, 46.1760014295578, 47.16800153255463, 45.184001326560974, 47.07200080156326, 47.200001776218414, 47.00800031423569, 47.10400104522705, 47.58400097489357, 45.024000108242035, 45.504000037908554, 46.9760000705719, 47.13600128889084, 47.16800153255463, 47.00800031423569, 47.200001776218414, 47.16800153255463, 47.200001776218414, 46.94399982690811, 47.16800153255463, 47.00800031423569, 48.8319993019104, 47.74399846792221, 47.93599992990494, 47.32799902558327, 46.81599885225296, 46.431999653577805, 46.68800160288811, 47.488000243902206, 47.488000243902206, 47.45600000023842, 45.88799923658371, 46.62400111556053, 46.879999339580536, 46.81599885225296, 46.68800160288811, 46.94399982690811, 46.751998364925385, 46.431999653577805, 45.3759990632534, 46.62400111556053, 46.94399982690811, 47.45600000023842, 46.78399860858917, 47.10400104522705, 46.84799909591675, 46.84799909591675, 46.65600135922432, 46.65600135922432, 46.84799909591675, 47.040000557899475]",160,10240,508,32512,2368,32512,1.0
one_long,10240,0.625,persistent,persistent,45.232001692056656,45.104000717401505,45.632001012563705,44.73600164055824,46.9151996076107,90,"[45.40799930691719, 45.53600028157234, 45.024000108242035, 44.95999962091446, 45.69600149989128, 45.152001082897186, 46.78399860858917, 45.21600157022476, 44.863998889923096, 45.56800052523613, 46.68800160288811, 44.92799937725067, 44.95999962091446, 44.83199864625931, 45.152001082897186, 45.152001082897186, 46.81599885225296, 44.89599913358688, 46.36799916625023, 46.720001846551895, 45.1200008392334, 45.24800181388855, 45.31199857592583, 46.30399867892265, 46.751998364925385, 44.64000090956688, 44.95999962091446, 46.112000942230225, 44.576000422239304, 46.9760000705719, 48.31999912858009, 45.88799923658371, 45.951999723911285, 44.79999840259552, 44.73600164055824, 45.08800059556961, 45.024000108242035, 45.56800052523613, 46.23999819159508, 45.024000108242035, 44.76799815893173, 44.73600164055824, 46.14400118589401, 46.62400111556053, 46.33599892258644, 46.84799909591675, 46.04800045490265, 45.05600035190582, 44.76799815893173, 44.89599913358688, 46.112000942230225, 46.14400118589401, 47.00800031423569, 45.184001326560974, 46.592000871896744, 46.720001846551895, 46.94399982690811, 46.879999339580536, 45.21600157022476, 46.68800160288811, 48.31999912858009, 46.36799916625023, 45.69600149989128, 44.704001396894455, 46.1760014295578, 45.184001326560974, 45.343998819589615, 45.05600035190582, 44.51199993491173, 44.79999840259552, 46.23999819159508, 44.92799937725067, 45.31199857592583, 45.05600035190582, 46.30399867892265, 44.99199986457825, 44.99199986457825, 44.76799815893173, 44.76799815893173, 45.05600035190582, 44.95999962091446, 44.73600164055824, 45.343998819589615, 46.271998435258865, 46.23999819159508, 46.592000871896744, 44.89599913358688, 44.83199864625931, 44.79999840259552, 45.184001326560974]",160,10240,508,32512,2368,2368,1.0378492675718154
one_long,10240,0.625,production_auto,persistent,45.024000108242035,44.99199986457825,45.152001082897186,44.58720050752163,46.657599322497845,90,"[46.30399867892265, 46.30399867892265, 44.99199986457825, 45.1200008392334, 44.83199864625931, 44.76799815893173, 44.83199864625931, 44.224001467227936, 45.184001326560974, 45.85599899291992, 44.704001396894455, 44.76799815893173, 46.81599885225296, 44.73600164055824, 45.184001326560974, 46.94399982690811, 45.31199857592583, 45.024000108242035, 46.81599885225296, 44.83199864625931, 44.89599913358688, 45.1200008392334, 45.024000108242035, 44.76799815893173, 45.3759990632534, 44.99199986457825, 44.99199986457825, 44.67200115323067, 45.184001326560974, 46.36799916625023, 46.20800167322159, 45.791998505592346, 45.504000037908554, 44.64000090956688, 45.53600028157234, 45.184001326560974, 45.791998505592346, 45.152001082897186, 44.51199993491173, 45.504000037908554, 45.05600035190582, 45.951999723911285, 44.92799937725067, 44.76799815893173, 45.24800181388855, 44.83199864625931, 45.05600035190582, 47.10400104522705, 44.89599913358688, 46.30399867892265, 45.184001326560974, 45.024000108242035, 45.024000108242035, 45.1200008392334, 44.35199871659279, 45.024000108242035, 45.05600035190582, 44.79999840259552, 44.67200115323067, 45.08800059556961, 48.19199815392494, 45.53600028157234, 44.67200115323067, 44.99199986457825, 44.99199986457825, 44.544000178575516, 44.79999840259552, 44.92799937725067, 46.46399989724159, 44.83199864625931, 45.024000108242035, 44.863998889923096, 44.92799937725067, 46.23999819159508, 45.31199857592583, 45.24800181388855, 45.21600157022476, 46.1760014295578, 44.92799937725067, 46.14400118589401, 44.92799937725067, 45.024000108242035, 44.79999840259552, 46.08000069856644, 44.83199864625931, 45.08800059556961, 44.99199986457825, 44.863998889923096, 45.184001326560974, 44.44799944758415]",160,10240,508,32512,2368,2368,1.0426439168898856
one_long,12288,0.75,static,persistent,53.18399891257286,53.0879981815815,53.29599976539612,52.38400027155876,54.417600855231285,90,"[55.10399863123894, 52.000001072883606, 53.66399884223938, 52.960000932216644, 52.89600044488907, 53.31199988722801, 53.0879981815815, 53.599998354911804, 53.279999643564224, 52.960000932216644, 53.05600166320801, 52.799999713897705, 53.21599915623665, 52.99200117588043, 53.3440001308918, 53.3440001308918, 53.279999643564224, 51.93600058555603, 53.02400141954422, 53.02400141954422, 53.0879981815815, 53.18399891257286, 52.352000027894974, 53.599998354911804, 53.408000618219376, 52.89600044488907, 53.247999399900436, 53.0879981815815, 52.76799947023392, 52.83199995756149, 55.58399856090546, 52.960000932216644, 53.599998354911804, 53.279999643564224, 53.408000618219376, 53.18399891257286, 52.25599929690361, 53.31199988722801, 52.51200124621391, 52.928000688552856, 52.83199995756149, 52.38400027155876, 52.639998495578766, 52.480001002550125, 53.47200110554695, 52.639998495578766, 53.37600037455559, 53.15199866890907, 53.50400134921074, 53.21599915623665, 52.60799825191498, 53.119998425245285, 53.408000618219376, 53.37600037455559, 53.50400134921074, 53.119998425245285, 52.86400020122528, 53.279999643564224, 52.86400020122528, 52.41600051522255, 53.63199859857559, 54.4000007212162, 52.41600051522255, 53.92000079154968, 54.43200096487999, 64.86400216817856, 54.07999828457832, 53.53600159287453, 53.15199866890907, 52.928000688552856, 53.69599908590317, 53.408000618219376, 53.31199988722801, 52.38400027155876, 52.671998739242554, 52.928000688552856, 53.69599908590317, 53.727999329566956, 53.44000086188316, 53.53600159287453, 52.86400020122528, 54.9440011382103, 53.47200110554695, 53.18399891257286, 53.31199988722801, 52.76799947023392, 53.85600030422211, 53.119998425245285, 52.928000688552856, 53.279999643564224]",192,12288,508,32512,2368,32512,1.0
one_long,12288,0.75,persistent,persistent,53.05600166320801,52.99200117588043,53.16799879074097,52.46240086853504,54.00480143725872,90,"[53.75999957323074, 52.15999856591225, 51.64799839258194, 52.99200117588043, 52.89600044488907, 53.247999399900436, 53.05600166320801, 53.02400141954422, 53.15199866890907, 52.799999713897705, 52.928000688552856, 52.99200117588043, 53.02400141954422, 52.99200117588043, 52.2879995405674, 52.99200117588043, 52.89600044488907, 53.727999329566956, 53.0879981815815, 52.960000932216644, 52.89600044488907, 53.15199866890907, 53.0879981815815, 53.119998425245285, 53.408000618219376, 53.3440001308918, 53.21599915623665, 53.02400141954422, 52.799999713897705, 53.69599908590317, 53.69599908590317, 52.319999784231186, 53.85600030422211, 53.599998354911804, 53.05600166320801, 52.89600044488907, 53.279999643564224, 54.27199974656105, 53.95200103521347, 53.247999399900436, 53.82400006055832, 53.44000086188316, 53.37600037455559, 52.5440014898777, 52.60799825191498, 54.52800169587135, 53.279999643564224, 53.408000618219376, 53.279999643564224, 52.480001002550125, 53.279999643564224, 53.279999643564224, 53.15199866890907, 53.05600166320801, 53.119998425245285, 53.44000086188316, 53.279999643564224, 52.57600173354149, 52.639998495578766, 53.44000086188316, 54.368000477552414, 52.44800075888634, 53.31199988722801, 53.279999643564224, 53.05600166320801, 52.86400020122528, 53.21599915623665, 52.60799825191498, 52.83199995756149, 53.05600166320801, 53.408000618219376, 54.048001766204834, 52.960000932216644, 53.15199866890907, 54.46400120854378, 53.31199988722801, 52.99200117588043, 52.928000688552856, 52.671998739242554, 53.18399891257286, 52.57600173354149, 53.0879981815815, 52.639998495578766, 52.928000688552856, 52.960000932216644, 52.99200117588043, 53.02400141954422, 52.86400020122528, 52.639998495578766, 52.60799825191498]",192,12288,508,32512,2368,2368,1.0024124933155982
one_long,12288,0.75,production_auto,persistent,53.0879981815815,53.040001541376114,53.16799879074097,52.31679975986481,53.888000547885895,90,"[54.91200089454651, 52.191998809576035, 53.63199859857559, 53.05600166320801, 52.73599922657013, 53.119998425245285, 53.0879981815815, 53.05600166320801, 53.31199988722801, 52.76799947023392, 52.73599922657013, 52.06400156021118, 53.21599915623665, 53.15199866890907, 53.279999643564224, 54.59199845790863, 53.21599915623665, 53.02400141954422, 52.5440014898777, 52.99200117588043, 53.247999399900436, 53.05600166320801, 52.639998495578766, 53.15199866890907, 53.279999643564224, 53.02400141954422, 53.47200110554695, 52.76799947023392, 52.76799947023392, 52.352000027894974, 54.207999259233475, 52.032001316547394, 53.568001836538315, 52.799999713897705, 53.0879981815815, 52.73599922657013, 52.57600173354149, 53.0879981815815, 52.5440014898777, 52.89600044488907, 52.89600044488907, 53.279999643564224, 53.18399891257286, 53.119998425245285, 53.408000618219376, 53.15199866890907, 52.799999713897705, 52.70399898290634, 52.41600051522255, 53.31199988722801, 53.599998354911804, 52.41600051522255, 53.44000086188316, 53.599998354911804, 52.51200124621391, 53.05600166320801, 52.2879995405674, 53.279999643564224, 52.70399898290634, 53.0879981815815, 55.23199960589409, 52.25599929690361, 53.279999643564224, 53.888000547885895, 53.50400134921074, 53.53600159287453, 52.89600044488907, 53.44000086188316, 53.44000086188316, 52.960000932216644, 52.928000688552856, 53.888000547885895, 52.76799947023392, 53.05600166320801, 53.53600159287453, 53.47200110554695, 53.0879981815815, 52.799999713897705, 53.3440001308918, 53.119998425245285, 53.44000086188316, 53.21599915623665, 53.79199981689453, 52.671998739242554, 53.05600166320801, 53.408000618219376, 52.89600044488907, 53.15199866890907, 52.73599922657013, 53.63199859857559]",192,12288,508,32512,2368,2368,1.0018083320953826
one_long,14336,0.875,static,persistent,59.328000992536545,59.26400050520897,59.51999872922897,58.30080062150955,60.599999502301216,90,"[61.02399900555611, 58.240000158548355, 59.90400165319443, 59.167999774217606, 59.776000678539276, 59.20000001788139, 59.167999774217606, 59.328000992536545, 59.29600074887276, 59.74400043487549, 59.51999872922897, 59.328000992536545, 58.6559996008873, 59.61599946022034, 59.328000992536545, 59.26400050520897, 59.42400172352791, 59.29600074887276, 59.36000123620033, 59.42400172352791, 58.88000130653381, 59.328000992536545, 59.20000001788139, 59.20000001788139, 58.94400179386139, 58.59199911355972, 59.13599953055382, 59.4559982419014, 59.26400050520897, 59.13599953055382, 60.22400036454201, 60.5119988322258, 60.19200012087822, 59.23200026154518, 59.328000992536545, 59.26400050520897, 59.167999774217606, 58.6559996008873, 60.736000537872314, 58.88000130653381, 59.55199897289276, 59.7120001912117, 60.19200012087822, 59.20000001788139, 58.97599831223488, 58.78400057554245, 58.62399935722351, 59.776000678539276, 60.67200005054474, 59.13599953055382, 59.808000922203064, 66.30399823188782, 59.93599817156792, 60.19200012087822, 59.99999865889549, 58.848001062870026, 59.328000992536545, 59.51999872922897, 59.84000116586685, 59.007998555898666, 59.99999865889549, 58.079998940229416, 59.967998415231705, 59.487998485565186, 58.14399942755699, 59.58399921655655, 59.29600074887276, 59.20000001788139, 58.75200033187866, 58.33600088953972, 59.007998555898666, 58.111999183893204, 59.23200026154518, 58.27200040221214, 60.736000537872314, 59.61599946022034, 59.67999994754791, 59.93599817156792, 59.93599817156792, 59.58399921655655, 58.97599831223488, 59.93599817156792, 59.776000678539276, 59.61599946022034, 59.58399921655655, 59.90400165319443, 59.42400172352791, 59.4559982419014, 59.647999703884125, 59.13599953055382]",224,14336,508,32512,2368,32512,1.0
one_long,14336,0.875,persistent,persistent,59.58399921655655,59.47199836373329,59.808000922203064,58.97599831223488,61.32960133254528,90,"[62.49599903821945, 59.61599946022034, 59.23200026154518, 59.55199897289276, 59.328000992536545, 60.92799827456474, 58.94400179386139, 60.896001756191254, 59.87200140953064, 60.83200126886368, 61.055999249219894, 60.47999858856201, 59.84000116586685, 59.42400172352791, 59.55199897289276, 59.55199897289276, 60.447998344898224, 60.447998344898224, 59.13599953055382, 59.487998485565186, 60.67200005054474, 59.007998555898666, 60.864001512527466, 59.51999872922897, 59.4559982419014, 61.3120011985302, 59.39200147986412, 58.97599831223488, 61.02399900555611, 59.967998415231705, 61.344001442193985, 58.78400057554245, 60.127999633550644, 59.26400050520897, 59.61599946022034, 60.7680007815361, 60.256000608205795, 61.3120011985302, 59.67999994754791, 59.4559982419014, 59.20000001788139, 59.13599953055382, 59.58399921655655, 59.29600074887276, 59.039998799562454, 58.78400057554245, 59.58399921655655, 61.11999973654747, 59.7120001912117, 59.39200147986412, 59.328000992536545, 58.97599831223488, 59.167999774217606, 59.776000678539276, 59.39200147986412, 59.58399921655655, 59.58399921655655, 59.39200147986412, 59.36000123620033, 59.20000001788139, 62.6240000128746, 60.575999319553375, 59.647999703884125, 58.97599831223488, 59.808000922203064, 59.23200026154518, 59.26400050520897, 59.10399928689003, 59.487998485565186, 61.3120011985302, 59.039998799562454, 60.864001512527466, 59.4559982419014, 60.127999633550644, 59.87200140953064, 59.967998415231705, 59.42400172352791, 59.55199897289276, 61.24800071120262, 59.07199904322624, 59.87200140953064, 59.13599953055382, 59.167999774217606, 61.37600168585777, 61.02399900555611, 61.184000223875046, 60.03199890255928, 59.039998799562454, 59.61599946022034, 61.40799820423126]",224,14336,508,32512,2368,2368,0.995703574325557
one_long,14336,0.875,production_auto,persistent,60.92799827456474,60.575999319553375,61.055999249219894,59.14719961583614,61.503998935222626,90,"[63.231997191905975, 61.344001442193985, 61.055999249219894, 61.055999249219894, 61.08799949288368, 61.3120011985302, 61.3120011985302, 61.3120011985302, 60.896001756191254, 60.92799827456474, 61.28000095486641, 61.216000467538834, 61.503998935222626, 60.32000109553337, 61.216000467538834, 59.39200147986412, 61.344001442193985, 59.39200147986412, 61.08799949288368, 61.24800071120262, 60.80000102519989, 59.20000001788139, 61.3120011985302, 61.88800185918808, 60.60799956321716, 59.51999872922897, 59.647999703884125, 60.99199876189232, 59.36000123620033, 60.63999980688095, 61.88800185918808, 60.416001826524734, 60.60799956321716, 61.055999249219894, 59.93599817156792, 59.26400050520897, 59.07199904322624, 61.43999844789505, 60.92799827456474, 59.58399921655655, 60.67200005054474, 60.54399907588959, 61.15199998021126, 60.736000537872314, 59.776000678539276, 61.055999249219894, 58.97599831223488, 58.97599831223488, 60.92799827456474, 61.344001442193985, 61.02399900555611, 61.11999973654747, 61.344001442193985, 58.78400057554245, 60.256000608205795, 61.055999249219894, 59.23200026154518, 59.90400165319443, 60.92799827456474, 61.11999973654747, 62.24000081419945, 59.87200140953064, 60.575999319553375, 61.47199869155884, 59.23200026154518, 61.11999973654747, 61.15199998021126, 61.24800071120262, 60.99199876189232, 59.51999872922897, 59.10399928689003, 59.36000123620033, 60.864001512527466, 59.87200140953064, 61.503998935222626, 59.93599817156792, 60.06399914622307, 59.61599946022034, 59.29600074887276, 61.37600168585777, 59.808000922203064, 61.503998935222626, 61.24800071120262, 59.67999994754791, 61.11999973654747, 60.06399914622307, 61.344001442193985, 61.08799949288368, 59.61599946022034, 59.67999994754791]",224,14336,508,32512,2368,2368,0.9737395396642115
one_long,16384,1.0,static,persistent,65.35999849438667,65.21599739789963,65.43999910354614,63.76960128545761,65.92000275850296,90,"[66.17599725723267, 66.49599969387054, 65.60000032186508, 64.12799656391144, 65.31199812889099, 65.34399837255478, 65.43999910354614, 63.519999384880066, 65.37599861621857, 65.50399959087372, 65.15199691057205, 65.11999666690826, 65.43999910354614, 65.18399715423584, 65.2799978852272, 65.43999910354614, 64.89600241184235, 65.2799978852272, 63.519999384880066, 65.37599861621857, 65.24799764156342, 65.2799978852272, 64.2239972949028, 65.43999910354614, 65.43999910354614, 63.58399987220764, 63.71200084686279, 64.25599753856659, 64.7360011935234, 65.50399959087372, 65.8240020275116, 63.71200084686279, 63.93600255250931, 65.37599861621857, 65.15199691057205, 64.54399973154068, 64.28799778223038, 65.21599739789963, 65.37599861621857, 65.43999910354614, 65.69600105285645, 65.50399959087372, 64.83200192451477, 65.34399837255478, 65.05600363016129, 65.37599861621857, 65.92000275850296, 65.47199934720993, 65.72800129652023, 65.50399959087372, 65.85600227117538, 65.47199934720993, 65.15199691057205, 64.7360011935234, 65.66400080919266, 65.63200056552887, 64.19199705123901, 64.96000289916992, 65.40799885988235, 65.50399959087372, 67.23199784755707, 64.70400094985962, 64.44799900054932, 65.31199812889099, 64.70400094985962, 65.43999910354614, 63.840001821517944, 65.92000275850296, 64.57599997520447, 65.5359998345375, 64.70400094985962, 64.89600241184235, 65.85600227117538, 65.5680000782013, 65.5359998345375, 66.01600348949432, 65.60000032186508, 64.51199948787689, 65.18399715423584, 65.69600105285645, 65.18399715423584, 65.69600105285645, 64.89600241184235, 65.40799885988235, 65.8240020275116, 65.60000032186508, 65.15199691057205, 65.63200056552887, 65.37599861621857, 64.64000046253204]",256,16384,508,32512,2368,32512,1.0
one_long,16384,1.0,persistent,persistent,67.58400052785873,67.52000004053116,67.61600077152252,67.08639673888683,69.13759745657444,90,"[68.4799998998642, 68.57600063085556, 67.96800345182419, 68.15999746322632, 67.74400174617767, 68.31999868154526, 69.08799707889557, 67.90400296449661, 67.391999065876, 67.61600077152252, 67.64800101518631, 67.6800012588501, 67.58400052785873, 67.23199784755707, 67.45599955320358, 67.84000247716904, 67.55200028419495, 67.61600077152252, 67.58400052785873, 67.48799979686737, 68.51200014352798, 67.07199662923813, 68.9919963479042, 67.61600077152252, 67.61600077152252, 69.15199756622314, 67.52000004053116, 67.61600077152252, 69.023996591568, 67.52000004053116, 69.31199878454208, 66.97600334882736, 68.15999746322632, 67.74400174617767, 67.61600077152252, 69.2799985408783, 69.11999732255936, 67.391999065876, 67.55200028419495, 67.26399809122086, 67.32799857854843, 68.06399673223495, 67.29599833488464, 69.47200000286102, 67.77600198984146, 67.48799979686737, 67.71200150251389, 67.16799736022949, 67.32799857854843, 67.74400174617767, 67.61600077152252, 67.29599833488464, 69.34399902820587, 67.48799979686737, 67.4239993095398, 67.58400052785873, 67.10399687290192, 67.19999760389328, 67.55200028419495, 69.023996591568, 67.80800223350525, 66.59200042486191, 66.78400188684464, 68.06399673223495, 68.12799721956253, 68.25599819421768, 67.29599833488464, 67.45599955320358, 66.84800237417221, 67.45599955320358, 67.391999065876, 67.16799736022949, 67.58400052785873, 67.45599955320358, 67.58400052785873, 67.45599955320358, 67.52000004053116, 67.391999065876, 67.29599833488464, 67.4239993095398, 67.61600077152252, 67.1359971165657, 67.4239993095398, 67.1359971165657, 68.38399916887283, 67.64800101518631, 67.52000004053116, 67.1359971165657, 67.55200028419495, 67.9360032081604]",256,16384,508,32512,2368,2368,0.9670927731992529
one_long,16384,1.0,production_auto,persistent,67.63200089335442,67.52000004053116,67.71200150251389,67.03999638557434,69.35039907693863,90,"[70.78400254249573, 68.64000111818314, 68.09599697589874, 68.54400038719177, 67.64800101518631, 67.35999882221222, 67.61600077152252, 67.45599955320358, 66.880002617836, 66.94400310516357, 67.03999638557434, 67.52000004053116, 67.45599955320358, 68.54400038719177, 69.56800073385239, 67.35999882221222, 68.89600306749344, 67.16799736022949, 67.45599955320358, 67.6800012588501, 69.2799985408783, 67.48799979686737, 67.71200150251389, 67.71200150251389, 67.26399809122086, 67.48799979686737, 67.48799979686737, 69.76000219583511, 69.21599805355072, 67.64800101518631, 68.41599941253662, 68.70400160551071, 67.48799979686737, 68.2239979505539, 67.55200028419495, 67.9360032081604, 67.6800012588501, 67.84000247716904, 67.45599955320358, 67.03999638557434, 67.71200150251389, 67.16799736022949, 68.12799721956253, 67.55200028419495, 67.29599833488464, 67.90400296449661, 68.00000369548798, 67.1359971165657, 67.00800359249115, 67.45599955320358, 67.58400052785873, 67.48799979686737, 67.35999882221222, 67.48799979686737, 67.64800101518631, 67.4239993095398, 67.35999882221222, 67.61600077152252, 67.80800223350525, 68.03199648857117, 69.69600170850754, 68.15999746322632, 67.4239993095398, 68.09599697589874, 67.52000004053116, 68.09599697589874, 67.29599833488464, 67.45599955320358, 67.84000247716904, 67.61600077152252, 67.61600077152252, 67.35999882221222, 67.32799857854843, 67.87200272083282, 67.48799979686737, 68.00000369548798, 67.32799857854843, 69.40799951553345, 68.2239979505539, 67.71200150251389, 68.2239979505539, 69.2799985408783, 69.21599805355072, 67.19999760389328, 66.78400188684464, 67.64800101518631, 67.6800012588501, 67.90400296449661, 69.023996591568, 67.55200028419495]",256,16384,508,32512,2368,2368,0.966406399796594
uniform,1024,0.0625,static,persistent,53.66399884223938,53.52000147104263,54.22519939020276,53.13119851052761,55.1999993622303,90,"[56.543998420238495, 55.03999814391136, 54.55999821424484, 53.408000618219376, 53.888000547885895, 53.53600159287453, 52.83199995756149, 54.88000065088272, 54.59199845790863, 53.21599915623665, 53.408000618219376, 53.568001836538315, 52.86400020122528, 53.599998354911804, 54.88000065088272, 54.88000065088272, 53.47200110554695, 54.88000065088272, 53.85600030422211, 53.53600159287453, 53.727999329566956, 53.599998354911804, 52.86400020122528, 53.44000086188316, 53.05600166320801, 53.37600037455559, 54.655998945236206, 53.53600159287453, 54.75199967622757, 54.78399991989136, 57.11999908089638, 54.1439987719059, 53.85600030422211, 53.53600159287453, 53.66399884223938, 53.3440001308918, 54.46400120854378, 53.3440001308918, 54.91200089454651, 53.408000618219376, 53.247999399900436, 54.59199845790863, 53.75999957323074, 53.44000086188316, 53.50400134921074, 53.31199988722801, 53.21599915623665, 53.247999399900436, 53.21599915623665, 55.16799911856651, 54.07999828457832, 54.46400120854378, 55.1999993622303, 53.247999399900436, 53.18399891257286, 53.98400127887726, 53.47200110554695, 53.44000086188316, 53.31199988722801, 53.568001836538315, 56.832000613212585, 54.46400120854378, 54.46400120854378, 54.30399999022484, 55.1999993622303, 55.16799911856651, 53.18399891257286, 53.44000086188316, 55.00800162553787, 53.44000086188316, 53.3440001308918, 55.1999993622303, 55.07199838757515, 55.135998874902725, 53.31199988722801, 55.1999993622303, 53.0879981815815, 53.31199988722801, 55.16799911856651, 55.16799911856651, 53.66399884223938, 53.408000618219376, 53.3440001308918, 55.00800162553787, 54.816000163555145, 53.408000618219376, 55.10399863123894, 53.37600037455559, 54.27199974656105, 55.10399863123894]",256,16384,508,32512,2368,32512,1.0
uniform,1024,0.0625,persistent,persistent,59.7120001912117,59.63159957900643,59.967998415231705,59.196799993515015,61.39679979532957,90,"[62.272001057863235, 60.60799956321716, 59.7120001912117, 59.39200147986412, 59.90400165319443, 61.216000467538834, 59.7120001912117, 59.808000922203064, 59.87200140953064, 59.99999865889549, 59.58399921655655, 60.47999858856201, 59.61599946022034, 60.35200133919716, 59.84000116586685, 59.36000123620033, 59.808000922203064, 61.43999844789505, 61.216000467538834, 59.55199897289276, 61.344001442193985, 60.63999980688095, 61.3120011985302, 59.61599946022034, 59.51999872922897, 61.055999249219894, 59.61599946022034, 61.216000467538834, 59.74400043487549, 61.3120011985302, 61.983998864889145, 61.535999178886414, 60.127999633550644, 59.58399921655655, 59.36000123620033, 59.99999865889549, 59.7120001912117, 59.7120001912117, 60.03199890255928, 59.29600074887276, 59.51999872922897, 59.67999994754791, 59.42400172352791, 59.29600074887276, 60.83200126886368, 59.13599953055382, 59.4559982419014, 60.095999389886856, 59.808000922203064, 59.67999994754791, 59.55199897289276, 59.647999703884125, 59.23200026154518, 60.83200126886368, 59.58399921655655, 60.15999987721443, 59.23200026154518, 59.23200026154518, 60.95999851822853, 59.51999872922897, 61.59999966621399, 59.99999865889549, 60.80000102519989, 60.256000608205795, 59.51999872922897, 59.55199897289276, 60.03199890255928, 59.167999774217606, 59.967998415231705, 60.67200005054474, 59.67999994754791, 59.61599946022034, 59.29600074887276, 59.42400172352791, 59.29600074887276, 59.51999872922897, 58.81600081920624, 59.167999774217606, 59.61599946022034, 59.7120001912117, 61.08799949288368, 59.4559982419014, 60.67200005054474, 59.99999865889549, 59.13599953055382, 59.93599817156792, 59.647999703884125, 59.23200026154518, 60.03199890255928, 61.11999973654747]",256,16384,508,32512,2368,2368,0.8987138040995911
uniform,1024,0.0625,production_auto,persistent,59.95199829339981,59.776000678539276,60.19200012087822,59.37440134584904,61.48959882557392,90,"[62.65600025653839, 60.127999633550644, 59.51999872922897, 59.4559982419014, 60.47999858856201, 59.7120001912117, 60.54399907588959, 59.58399921655655, 60.15999987721443, 60.19200012087822, 60.63999980688095, 59.4559982419014, 60.03199890255928, 59.74400043487549, 59.23200026154518, 59.51999872922897, 59.51999872922897, 59.967998415231705, 59.776000678539276, 59.55199897289276, 60.06399914622307, 59.7120001912117, 59.776000678539276, 59.36000123620033, 59.55199897289276, 59.23200026154518, 59.20000001788139, 59.42400172352791, 59.67999994754791, 59.42400172352791, 62.01599910855293, 60.67200005054474, 59.93599817156792, 59.39200147986412, 61.503998935222626, 60.28800085186958, 61.37600168585777, 59.87200140953064, 60.95999851822853, 59.776000678539276, 61.15199998021126, 59.39200147986412, 59.67999994754791, 60.22400036454201, 61.344001442193985, 60.03199890255928, 61.15199998021126, 59.776000678539276, 60.256000608205795, 61.216000467538834, 61.3120011985302, 59.87200140953064, 61.47199869155884, 61.28000095486641, 59.58399921655655, 61.216000467538834, 59.61599946022034, 59.58399921655655, 61.3120011985302, 59.55199897289276, 61.76000088453293, 60.83200126886368, 59.74400043487549, 60.095999389886856, 61.344001442193985, 59.93599817156792, 59.93599817156792, 61.37600168585777, 60.896001756191254, 59.58399921655655, 59.776000678539276, 60.06399914622307, 60.95999851822853, 59.7120001912117, 61.216000467538834, 61.3120011985302, 59.58399921655655, 59.90400165319443, 61.37600168585777, 60.47999858856201, 61.47199869155884, 61.59999966621399, 61.40799820423126, 61.47199869155884, 59.647999703884125, 59.74400043487549, 59.487998485565186, 61.28000095486641, 59.167999774217606, 59.55199897289276]",256,16384,508,32512,2368,2368,0.8951160990433127
uniform,2048,0.125,static,persistent,53.79199981689453,53.66399884223938,54.1283986531198,53.1023982912302,55.456001311540604,90,"[57.21599981188774, 54.59199845790863, 53.599998354911804, 53.408000618219376, 53.50400134921074, 55.26399984955788, 53.37600037455559, 53.408000618219376, 53.568001836538315, 53.69599908590317, 54.84800040721893, 53.247999399900436, 55.456001311540604, 54.655998945236206, 53.69599908590317, 53.44000086188316, 53.44000086188316, 53.44000086188316, 53.66399884223938, 53.79199981689453, 53.53600159287453, 54.687999188899994, 55.23199960589409, 53.31199988722801, 54.52800169587135, 55.456001311540604, 55.23199960589409, 53.3440001308918, 55.55199831724167, 54.496001452207565, 56.41600117087364, 53.92000079154968, 53.69599908590317, 54.336000233888626, 55.456001311540604, 55.16799911856651, 54.655998945236206, 53.75999957323074, 54.11199852824211, 53.47200110554695, 54.9440011382103, 55.16799911856651, 54.75199967622757, 53.75999957323074, 54.23999950289726, 54.816000163555145, 53.31199988722801, 53.63199859857559, 53.92000079154968, 53.79199981689453, 53.408000618219376, 54.84800040721893, 54.46400120854378, 55.1999993622303, 53.47200110554695, 53.79199981689453, 53.247999399900436, 53.727999329566956, 53.50400134921074, 53.568001836538315, 56.12799897789955, 54.46400120854378, 54.1439987719059, 53.727999329566956, 54.17599901556969, 53.408000618219376, 53.05600166320801, 53.50400134921074, 52.99200117588043, 53.15199866890907, 54.91200089454651, 54.016001522541046, 53.85600030422211, 53.15199866890907, 53.31199988722801, 55.07199838757515, 53.0879981815815, 53.50400134921074, 54.4000007212162, 53.05600166320801, 53.05600166320801, 54.11199852824211, 55.16799911856651, 53.79199981689453, 53.75999957323074, 53.119998425245285, 55.00800162553787, 53.247999399900436, 53.279999643564224, 54.17599901556969]",256,16384,508,32512,2368,32512,1.0
uniform,2048,0.125,persistent,persistent,59.856001287698746,59.76000055670738,60.47999858856201,59.328000992536545,61.76000088453293,90,"[62.72000074386597, 61.08799949288368, 59.84000116586685, 59.007998555898666, 59.26400050520897, 59.55199897289276, 60.447998344898224, 59.36000123620033, 59.487998485565186, 60.15999987721443, 59.87200140953064, 59.61599946022034, 61.43999844789505, 59.328000992536545, 59.61599946022034, 61.15199998021126, 59.42400172352791, 59.55199897289276, 59.55199897289276, 61.344001442193985, 61.28000095486641, 61.535999178886414, 61.3120011985302, 59.808000922203064, 59.67999994754791, 61.055999249219894, 59.328000992536545, 61.055999249219894, 59.4559982419014, 60.95999851822853, 62.144000083208084, 59.808000922203064, 61.184000223875046, 59.29600074887276, 59.647999703884125, 61.63199990987778, 61.24800071120262, 60.92799827456474, 59.39200147986412, 59.776000678539276, 59.42400172352791, 59.776000678539276, 59.42400172352791, 59.808000922203064, 59.39200147986412, 59.42400172352791, 59.487998485565186, 59.74400043487549, 59.39200147986412, 59.42400172352791, 59.87200140953064, 59.74400043487549, 59.487998485565186, 60.416001826524734, 59.87200140953064, 59.7120001912117, 59.647999703884125, 59.167999774217606, 59.776000678539276, 59.776000678539276, 62.55999952554703, 60.47999858856201, 60.736000537872314, 59.647999703884125, 60.47999858856201, 61.3120011985302, 61.76000088453293, 61.824001371860504, 61.535999178886414, 59.58399921655655, 59.647999703884125, 61.503998935222626, 61.37600168585777, 61.47199869155884, 61.344001442193985, 60.15999987721443, 60.67200005054474, 59.58399921655655, 60.35200133919716, 61.503998935222626, 61.664000153541565, 61.69600039720535, 59.776000678539276, 61.76000088453293, 61.08799949288368, 61.40799820423126, 61.76000088453293, 61.535999178886414, 59.67999994754791, 59.647999703884125]",256,16384,508,32512,2368,2368,0.8986901673959558
uniform,2048,0.125,production_auto,persistent,60.19200012087822,59.91999991238117,60.95999851822853,59.43840015679598,61.664000153541565,90,"[63.19999694824219, 61.08799949288368, 61.3120011985302, 60.095999389886856, 59.647999703884125, 60.22400036454201, 59.647999703884125, 59.74400043487549, 61.3120011985302, 59.87200140953064, 59.67999994754791, 59.55199897289276, 61.3120011985302, 61.344001442193985, 61.40799820423126, 60.864001512527466, 61.28000095486641, 61.40799820423126, 59.967998415231705, 61.792001128196716, 59.93599817156792, 61.43999844789505, 59.55199897289276, 59.487998485565186, 59.67999994754791, 61.535999178886414, 61.055999249219894, 61.43999844789505, 61.43999844789505, 59.7120001912117, 62.591999769210815, 60.54399907588959, 59.84000116586685, 59.42400172352791, 61.24800071120262, 61.535999178886414, 60.15999987721443, 61.85600161552429, 61.47199869155884, 61.5679994225502, 61.344001442193985, 60.32000109553337, 60.127999633550644, 61.40799820423126, 61.535999178886414, 59.58399921655655, 59.776000678539276, 59.58399921655655, 61.43999844789505, 59.74400043487549, 59.67999994754791, 59.67999994754791, 59.328000992536545, 59.87200140953064, 59.7120001912117, 59.90400165319443, 60.92799827456474, 60.864001512527466, 61.664000153541565, 59.808000922203064, 61.184000223875046, 60.06399914622307, 59.13599953055382, 61.11999973654747, 60.28800085186958, 59.808000922203064, 59.4559982419014, 59.61599946022034, 61.216000467538834, 59.61599946022034, 61.344001442193985, 59.61599946022034, 60.095999389886856, 61.24800071120262, 59.58399921655655, 59.36000123620033, 59.328000992536545, 60.22400036454201, 61.664000153541565, 59.74400043487549, 61.28000095486641, 60.095999389886856, 59.61599946022034, 59.487998485565186, 59.67999994754791, 61.24800071120262, 60.35200133919716, 60.95999851822853, 61.3120011985302, 59.99999865889549]",256,16384,508,32512,2368,2368,0.893673573047396
uniform,3072,0.1875,static,persistent,53.92000079154968,53.66399884223938,54.56000007688999,53.276799619197845,55.55520001798868,90,"[57.37600103020668, 55.456001311540604, 54.30399999022484, 54.207999259233475, 55.135998874902725, 55.296000093221664, 54.52800169587135, 53.727999329566956, 55.135998874902725, 55.10399863123894, 53.44000086188316, 55.1999993622303, 55.32800033688545, 55.07199838757515, 53.66399884223938, 55.456001311540604, 53.66399884223938, 54.71999943256378, 53.44000086188316, 54.62399870157242, 55.424001067876816, 55.36000058054924, 55.26399984955788, 55.80800026655197, 55.58399856090546, 55.23199960589409, 55.48800155520439, 55.52000179886818, 55.36000058054924, 55.36000058054924, 56.543998420238495, 56.12799897789955, 53.44000086188316, 53.15199866890907, 53.66399884223938, 55.07199838757515, 53.18399891257286, 53.53600159287453, 53.50400134921074, 54.11199852824211, 55.135998874902725, 53.53600159287453, 53.37600037455559, 54.368000477552414, 53.727999329566956, 53.66399884223938, 53.408000618219376, 53.3440001308918, 53.69599908590317, 53.247999399900436, 53.37600037455559, 53.47200110554695, 53.63199859857559, 53.599998354911804, 53.75999957323074, 53.75999957323074, 54.88000065088272, 55.1999993622303, 53.63199859857559, 53.0879981815815, 55.23199960589409, 54.75199967622757, 54.07999828457832, 53.63199859857559, 55.135998874902725, 53.98400127887726, 53.75999957323074, 53.247999399900436, 53.85600030422211, 55.135998874902725, 54.59199845790863, 53.37600037455559, 53.98400127887726, 53.47200110554695, 53.69599908590317, 53.599998354911804, 53.599998354911804, 53.3440001308918, 53.31199988722801, 55.03999814391136, 53.31199988722801, 54.816000163555145, 54.1439987719059, 53.568001836538315, 53.568001836538315, 53.3440001308918, 54.71999943256378, 53.599998354911804, 53.599998354911804, 53.66399884223938]",256,16384,508,32512,2368,32512,1.0
uniform,3072,0.1875,persistent,persistent,61.23200058937073,60.94399839639664,61.423998326063156,59.644799679517746,61.9055999442935,90,"[62.07999959588051, 60.447998344898224, 62.912002205848694, 61.95199862122536, 61.344001442193985, 61.15199998021126, 61.11999973654747, 61.24800071120262, 61.664000153541565, 61.63199990987778, 61.28000095486641, 60.60799956321716, 61.216000467538834, 60.60799956321716, 60.416001826524734, 60.15999987721443, 60.447998344898224, 60.99199876189232, 61.37600168585777, 61.37600168585777, 60.60799956321716, 60.54399907588959, 60.5119988322258, 61.08799949288368, 61.11999973654747, 61.59999966621399, 60.736000537872314, 60.22400036454201, 60.95999851822853, 60.67200005054474, 63.040003180503845, 60.416001826524734, 61.40799820423126, 59.4559982419014, 61.792001128196716, 61.5679994225502, 60.19200012087822, 59.90400165319443, 61.59999966621399, 61.72800064086914, 61.43999844789505, 59.84000116586685, 59.487998485565186, 59.90400165319443, 61.535999178886414, 61.91999837756157, 60.70400029420853, 59.776000678539276, 60.60799956321716, 60.35200133919716, 60.60799956321716, 59.487998485565186, 61.69600039720535, 60.70400029420853, 61.47199869155884, 61.59999966621399, 59.99999865889549, 59.55199897289276, 59.67999994754791, 59.61599946022034, 61.535999178886414, 61.216000467538834, 61.792001128196716, 61.63199990987778, 60.5119988322258, 60.06399914622307, 61.344001442193985, 61.11999973654747, 61.5679994225502, 60.63999980688095, 61.63199990987778, 59.776000678539276, 61.59999966621399, 61.88800185918808, 61.76000088453293, 61.72800064086914, 61.535999178886414, 61.88800185918808, 61.59999966621399, 61.503998935222626, 61.37600168585777, 61.47199869155884, 61.63199990987778, 61.824001371860504, 61.503998935222626, 60.32000109553337, 61.47199869155884, 60.92799827456474, 61.344001442193985, 61.824001371860504]",256,16384,508,32512,2368,2368,0.8805853193192852
uniform,3072,0.1875,production_auto,persistent,60.67200005054474,60.575999319553375,60.92799827456474,59.69120003283024,61.792001128196716,90,"[61.72800064086914, 60.54399907588959, 59.99999865889549, 59.58399921655655, 61.216000467538834, 61.055999249219894, 61.184000223875046, 61.40799820423126, 60.32000109553337, 61.184000223875046, 60.92799827456474, 60.416001826524734, 60.575999319553375, 60.864001512527466, 60.54399907588959, 60.60799956321716, 61.37600168585777, 61.503998935222626, 60.47999858856201, 60.575999319553375, 61.59999966621399, 59.808000922203064, 60.83200126886368, 60.447998344898224, 60.67200005054474, 60.575999319553375, 60.575999319553375, 60.447998344898224, 60.38400158286095, 59.647999703884125, 61.28000095486641, 59.776000678539276, 61.3120011985302, 60.06399914622307, 61.11999973654747, 61.792001128196716, 61.15199998021126, 60.67200005054474, 60.60799956321716, 60.54399907588959, 60.63999980688095, 61.503998935222626, 60.35200133919716, 60.575999319553375, 60.80000102519989, 60.38400158286095, 59.74400043487549, 60.95999851822853, 60.35200133919716, 60.67200005054474, 60.38400158286095, 60.60799956321716, 60.416001826524734, 61.11999973654747, 60.736000537872314, 60.416001826524734, 61.28000095486641, 61.5679994225502, 61.24800071120262, 60.99199876189232, 62.94400244951248, 60.864001512527466, 59.776000678539276, 60.447998344898224, 60.63999980688095, 59.776000678539276, 61.43999844789505, 60.99199876189232, 59.58399921655655, 61.47199869155884, 61.792001128196716, 61.02399900555611, 59.808000922203064, 61.95199862122536, 59.90400165319443, 61.85600161552429, 61.72800064086914, 59.51999872922897, 59.74400043487549, 61.5679994225502, 61.43999844789505, 61.59999966621399, 61.47199869155884, 59.61599946022034, 61.85600161552429, 59.93599817156792, 60.92799827456474, 59.776000678539276, 60.7680007815361, 60.67200005054474]",256,16384,508,32512,2368,2368,0.888713092474781
uniform,4096,0.25,static,persistent,54.9440011382103,54.047999903559685,55.16799911856651,53.47200110554695,55.6975994259119,90,"[57.18399956822395, 54.88000065088272, 53.95200103521347, 53.279999643564224, 53.47200110554695, 53.568001836538315, 53.66399884223938, 53.408000618219376, 53.3440001308918, 54.52800169587135, 53.82400006055832, 53.47200110554695, 54.816000163555145, 53.568001836538315, 54.88000065088272, 53.85600030422211, 55.23199960589409, 55.52000179886818, 55.39200082421303, 55.296000093221664, 55.03999814391136, 53.568001836538315, 53.66399884223938, 53.69599908590317, 55.36000058054924, 53.79199981689453, 53.79199981689453, 53.82400006055832, 55.52000179886818, 54.976001381874084, 55.26399984955788, 55.03999814391136, 55.67999929189682, 55.23199960589409, 53.66399884223938, 55.904000997543335, 55.1999993622303, 55.07199838757515, 55.36000058054924, 55.1999993622303, 54.78399991989136, 55.424001067876816, 55.32800033688545, 55.52000179886818, 53.75999957323074, 53.69599908590317, 54.88000065088272, 55.26399984955788, 55.1999993622303, 55.07199838757515, 55.776000022888184, 55.16799911856651, 55.456001311540604, 55.456001311540604, 55.296000093221664, 55.55199831724167, 53.79199981689453, 55.71199953556061, 55.67999929189682, 55.26399984955788, 57.760000228881836, 55.16799911856651, 54.016001522541046, 55.03999814391136, 53.85600030422211, 55.296000093221664, 53.75999957323074, 53.53600159287453, 54.976001381874084, 54.07999828457832, 55.39200082421303, 55.39200082421303, 53.79199981689453, 53.44000086188316, 55.16799911856651, 53.727999329566956, 53.599998354911804, 55.36000058054924, 53.568001836538315, 53.75999957323074, 55.52000179886818, 54.91200089454651, 55.36000058054924, 53.69599908590317, 55.67999929189682, 53.63199859857559, 53.599998354911804, 53.63199859857559, 54.655998945236206, 53.47200110554695]",256,16384,508,32512,2368,32512,1.0
uniform,4096,0.25,persistent,persistent,61.47199869155884,61.39199994504452,61.5679994225502,60.06079912185669,62.08319962024689,90,"[61.983998864889145, 61.344001442193985, 60.15999987721443, 61.40799820423126, 61.503998935222626, 62.20800057053566, 62.04799935221672, 61.40799820423126, 61.11999973654747, 61.535999178886414, 61.24800071120262, 61.3120011985302, 62.04799935221672, 61.3120011985302, 61.37600168585777, 62.04799935221672, 61.664000153541565, 61.63199990987778, 61.91999837756157, 62.111999839544296, 60.92799827456474, 61.3120011985302, 62.17600032687187, 61.47199869155884, 62.3680017888546, 61.535999178886414, 61.24800071120262, 60.095999389886856, 61.69600039720535, 61.664000153541565, 62.72000074386597, 60.5119988322258, 61.47199869155884, 61.664000153541565, 61.72800064086914, 61.11999973654747, 61.59999966621399, 61.792001128196716, 61.43999844789505, 61.535999178886414, 61.63199990987778, 61.08799949288368, 61.15199998021126, 61.43999844789505, 61.24800071120262, 61.91999837756157, 61.72800064086914, 61.85600161552429, 61.69600039720535, 60.47999858856201, 60.896001756191254, 61.85600161552429, 61.40799820423126, 62.01599910855293, 61.503998935222626, 61.055999249219894, 61.63199990987778, 61.344001442193985, 62.04799935221672, 61.47199869155884, 61.503998935222626, 59.967998415231705, 60.19200012087822, 61.69600039720535, 61.5679994225502, 59.99999865889549, 61.63199990987778, 60.83200126886368, 59.808000922203064, 61.37600168585777, 61.43999844789505, 61.28000095486641, 60.03199890255928, 61.344001442193985, 60.95999851822853, 61.664000153541565, 61.43999844789505, 61.69600039720535, 60.896001756191254, 59.776000678539276, 60.92799827456474, 61.69600039720535, 61.47199869155884, 61.664000153541565, 61.08799949288368, 61.664000153541565, 61.503998935222626, 61.91999837756157, 61.37600168585777, 60.95999851822853]",256,16384,508,32512,2368,2368,0.8938053472752148
uniform,4096,0.25,production_auto,persistent,61.51999905705452,61.344001442193985,61.59999966621399,59.804800897836685,62.06879951059818,90,"[63.10400366783142, 61.664000153541565, 61.535999178886414, 61.503998935222626, 59.55199897289276, 59.967998415231705, 61.344001442193985, 59.84000116586685, 61.63199990987778, 61.85600161552429, 59.99999865889549, 59.776000678539276, 61.37600168585777, 61.824001371860504, 61.11999973654747, 60.256000608205795, 61.15199998021126, 61.72800064086914, 59.87200140953064, 61.95199862122536, 61.792001128196716, 61.792001128196716, 60.03199890255928, 61.5679994225502, 60.5119988322258, 60.92799827456474, 61.76000088453293, 60.92799827456474, 61.40799820423126, 61.216000467538834, 63.45599889755249, 61.5679994225502, 61.664000153541565, 62.111999839544296, 60.5119988322258, 61.47199869155884, 62.17600032687187, 61.91999837756157, 61.72800064086914, 61.664000153541565, 60.28800085186958, 61.344001442193985, 60.256000608205795, 61.344001442193985, 62.01599910855293, 61.43999844789505, 60.127999633550644, 61.503998935222626, 60.864001512527466, 61.59999966621399, 61.69600039720535, 61.59999966621399, 61.664000153541565, 60.575999319553375, 62.912002205848694, 61.5679994225502, 61.40799820423126, 61.535999178886414, 61.69600039720535, 61.5679994225502, 61.59999966621399, 60.127999633550644, 61.40799820423126, 59.7120001912117, 61.983998864889145, 61.792001128196716, 59.967998415231705, 61.69600039720535, 61.72800064086914, 61.3120011985302, 61.664000153541565, 61.76000088453293, 60.095999389886856, 61.824001371860504, 60.95999851822853, 60.70400029420853, 61.59999966621399, 61.47199869155884, 61.69600039720535, 61.535999178886414, 61.63199990987778, 61.824001371860504, 61.91999837756157, 61.664000153541565, 61.15199998021126, 60.256000608205795, 59.776000678539276, 59.647999703884125, 61.344001442193985, 60.80000102519989]",256,16384,508,32512,2368,2368,0.8931079645702603
uniform,6144,0.375,static,persistent,55.40800094604492,55.31200021505356,55.55199831724167,54.88000065088272,57.023998349905014,90,"[56.96000158786774, 55.904000997543335, 54.816000163555145, 55.71199953556061, 56.063998490571976, 55.80800026655197, 55.03999814391136, 55.26399984955788, 55.135998874902725, 56.09599873423576, 56.41600117087364, 55.296000093221664, 55.80800026655197, 55.64799904823303, 56.89600110054016, 56.832000613212585, 55.03999814391136, 55.135998874902725, 55.71199953556061, 55.55199831724167, 55.00800162553787, 55.93600124120712, 55.58399856090546, 55.32800033688545, 55.07199838757515, 54.88000065088272, 55.48800155520439, 55.36000058054924, 55.16799911856651, 56.86400085687637, 58.46399813890457, 56.384000927209854, 56.28800019621849, 54.62399870157242, 55.39200082421303, 54.9440011382103, 57.023998349905014, 55.26399984955788, 54.9440011382103, 55.84000051021576, 55.39200082421303, 55.48800155520439, 54.655998945236206, 55.55199831724167, 55.1999993622303, 55.10399863123894, 55.743999779224396, 55.135998874902725, 55.39200082421303, 55.424001067876816, 55.296000093221664, 55.58399856090546, 55.424001067876816, 55.07199838757515, 55.07199838757515, 54.88000065088272, 54.655998945236206, 55.39200082421303, 55.23199960589409, 55.296000093221664, 57.312000542879105, 55.296000093221664, 55.55199831724167, 56.0000017285347, 57.151999324560165, 55.10399863123894, 55.36000058054924, 55.58399856090546, 55.58399856090546, 57.023998349905014, 56.60799890756607, 55.23199960589409, 56.703999638557434, 57.023998349905014, 55.84000051021576, 55.55199831724167, 55.615998804569244, 55.1999993622303, 55.39200082421303, 55.456001311540604, 55.16799911856651, 54.976001381874084, 54.88000065088272, 56.76800012588501, 54.91200089454651, 55.135998874902725, 55.32800033688545, 55.296000093221664, 55.48800155520439, 56.41600117087364]",256,16384,508,32512,2368,32512,1.0
uniform,6144,0.375,persistent,persistent,61.39199994504452,61.3120011985302,61.51999905705452,60.60799956321716,62.26720102131367,90,"[62.591999769210815, 60.63999980688095, 61.63199990987778, 61.24800071120262, 61.11999973654747, 61.535999178886414, 61.37600168585777, 60.95999851822853, 61.28000095486641, 61.535999178886414, 61.792001128196716, 61.40799820423126, 61.37600168585777, 61.59999966621399, 61.184000223875046, 61.3120011985302, 60.92799827456474, 61.02399900555611, 61.792001128196716, 61.85600161552429, 60.864001512527466, 61.184000223875046, 61.664000153541565, 61.43999844789505, 61.47199869155884, 61.15199998021126, 61.824001371860504, 61.535999178886414, 61.15199998021126, 60.736000537872314, 62.52799928188324, 62.3680017888546, 61.95199862122536, 60.67200005054474, 62.144000083208084, 61.792001128196716, 61.3120011985302, 61.59999966621399, 60.736000537872314, 61.344001442193985, 61.3120011985302, 61.3120011985302, 61.5679994225502, 62.68800050020218, 61.59999966621399, 61.59999966621399, 61.28000095486641, 61.11999973654747, 61.5679994225502, 61.216000467538834, 62.01599910855293, 61.59999966621399, 60.60799956321716, 61.344001442193985, 60.95999851822853, 60.99199876189232, 61.503998935222626, 61.5679994225502, 61.503998935222626, 60.32000109553337, 62.6240000128746, 61.216000467538834, 60.095999389886856, 61.43999844789505, 61.184000223875046, 61.85600161552429, 61.63199990987778, 61.08799949288368, 61.535999178886414, 60.47999858856201, 61.76000088453293, 61.40799820423126, 61.37600168585777, 61.24800071120262, 61.664000153541565, 60.99199876189232, 61.5679994225502, 61.792001128196716, 61.24800071120262, 61.824001371860504, 61.43999844789505, 60.60799956321716, 61.63199990987778, 60.896001756191254, 61.37600168585777, 61.40799820423126, 61.08799949288368, 61.59999966621399, 60.32000109553337, 60.864001512527466]",256,16384,508,32512,2368,2368,0.9025280328975076
uniform,6144,0.375,production_auto,persistent,61.455998569726944,61.3120011985302,61.5679994225502,60.758400708436966,62.65600025653839,90,"[63.48799914121628, 62.97600269317627, 60.32000109553337, 61.69600039720535, 62.07999959588051, 61.184000223875046, 62.65600025653839, 60.67200005054474, 61.88800185918808, 61.055999249219894, 61.08799949288368, 61.02399900555611, 61.15199998021126, 61.24800071120262, 62.07999959588051, 61.02399900555611, 62.07999959588051, 61.47199869155884, 61.47199869155884, 61.28000095486641, 61.11999973654747, 61.88800185918808, 60.95999851822853, 61.40799820423126, 61.28000095486641, 61.24800071120262, 61.216000467538834, 61.24800071120262, 61.43999844789505, 61.24800071120262, 62.94400244951248, 61.15199998021126, 60.22400036454201, 62.912002205848694, 62.33600154519081, 61.47199869155884, 61.184000223875046, 61.15199998021126, 62.272001057863235, 61.344001442193985, 61.08799949288368, 61.535999178886414, 61.59999966621399, 61.503998935222626, 61.792001128196716, 62.431998550891876, 60.864001512527466, 61.535999178886414, 61.69600039720535, 61.216000467538834, 61.3120011985302, 61.69600039720535, 60.99199876189232, 61.344001442193985, 61.5679994225502, 61.216000467538834, 61.28000095486641, 61.3120011985302, 61.59999966621399, 61.43999844789505, 61.59999966621399, 60.92799827456474, 61.983998864889145, 61.664000153541565, 61.3120011985302, 61.5679994225502, 61.184000223875046, 61.664000153541565, 61.184000223875046, 61.792001128196716, 60.28800085186958, 61.184000223875046, 61.40799820423126, 61.88800185918808, 61.3120011985302, 61.72800064086914, 62.49599903821945, 61.535999178886414, 61.5679994225502, 60.47999858856201, 61.95199862122536, 61.76000088453293, 61.503998935222626, 61.76000088453293, 61.69600039720535, 61.28000095486641, 62.65600025653839, 61.535999178886414, 62.111999839544296, 61.08799949288368]",256,16384,508,32512,2368,2368,0.901588164468273
uniform,8192,0.5,static,persistent,57.28000029921532,57.21599981188774,57.40800127387047,56.782400235533714,58.691199868917465,90,"[60.70400029420853, 56.671999394893646, 57.920001447200775, 57.24800005555153, 58.720000088214874, 57.21599981188774, 58.848001062870026, 58.079998940229416, 58.6559996008873, 57.56799876689911, 57.18399956822395, 57.08799883723259, 56.703999638557434, 57.920001447200775, 57.21599981188774, 57.18399956822395, 57.023998349905014, 57.920001447200775, 57.24800005555153, 58.94400179386139, 58.59199911355972, 58.52799862623215, 57.08799883723259, 57.21599981188774, 57.151999324560165, 56.96000158786774, 57.37600103020668, 57.37600103020668, 57.312000542879105, 58.111999183893204, 59.328000992536545, 58.30400064587593, 57.82400071620941, 57.0559985935688, 56.96000158786774, 58.52799862623215, 56.992001831531525, 57.50399827957153, 57.472001761198044, 57.440001517534256, 57.18399956822395, 57.40800127387047, 57.631999254226685, 56.92800134420395, 57.5999990105629, 57.50399827957153, 57.37600103020668, 56.992001831531525, 57.312000542879105, 56.832000613212585, 57.023998349905014, 56.671999394893646, 57.34400078654289, 57.50399827957153, 57.40800127387047, 57.472001761198044, 57.53599852323532, 56.992001831531525, 57.24800005555153, 56.992001831531525, 58.14399942755699, 56.671999394893646, 56.8000003695488, 57.98399820923805, 58.17599967122078, 56.76800012588501, 56.992001831531525, 56.86400085687637, 58.14399942755699, 57.37600103020668, 57.5999990105629, 57.18399956822395, 57.24800005555153, 57.24800005555153, 57.21599981188774, 58.111999183893204, 57.11999908089638, 56.992001831531525, 57.21599981188774, 58.17599967122078, 57.24800005555153, 57.440001517534256, 57.0559985935688, 57.37600103020668, 57.08799883723259, 57.023998349905014, 57.66399949789047, 57.18399956822395, 56.992001831531525, 56.992001831531525]",256,16384,508,32512,2368,32512,1.0
uniform,8192,0.5,persistent,persistent,65.24799764156342,65.0076032616198,65.37599861621857,63.69440071284771,65.98720327019691,90,"[66.23999774456024, 64.89600241184235, 64.28799778223038, 64.06400352716446, 64.00000303983688, 64.03200328350067, 66.3359984755516, 63.77600133419037, 64.7360011935234, 63.840001821517944, 65.95200300216675, 63.680000603199005, 64.12799656391144, 63.93600255250931, 64.67200070619583, 65.11999666690826, 65.47199934720993, 65.11999666690826, 65.69600105285645, 64.19199705123901, 64.86400216817856, 64.80000168085098, 64.19199705123901, 64.83200192451477, 65.5680000782013, 65.5680000782013, 65.40799885988235, 65.11999666690826, 65.34399837255478, 65.2799978852272, 66.59200042486191, 64.28799778223038, 65.63200056552887, 65.66400080919266, 65.37599861621857, 63.93600255250931, 65.5359998345375, 65.08799642324448, 65.08799642324448, 65.11999666690826, 65.37599861621857, 65.40799885988235, 65.72800129652023, 65.5359998345375, 65.43999910354614, 65.50399959087372, 65.63200056552887, 65.43999910354614, 65.40799885988235, 63.48799914121628, 63.71200084686279, 65.79200178384781, 65.63200056552887, 63.61600011587143, 65.37599861621857, 64.51199948787689, 64.99200314283371, 65.72800129652023, 66.01600348949432, 63.45599889755249, 66.94400310516357, 64.83200192451477, 65.69600105285645, 64.28799778223038, 64.67200070619583, 65.21599739789963, 65.31199812889099, 65.72800129652023, 64.00000303983688, 65.08799642324448, 65.34399837255478, 65.5359998345375, 65.34399837255478, 65.0240033864975, 65.5680000782013, 65.34399837255478, 65.88800251483917, 64.03200328350067, 65.37599861621857, 65.31199812889099, 64.99200314283371, 63.80800157785416, 64.89600241184235, 65.47199934720993, 65.8240020275116, 65.5359998345375, 63.64800035953522, 64.7680014371872, 64.7360011935234, 65.50399959087372]",256,16384,508,32512,2368,2368,0.8778813506872672
uniform,8192,0.5,production_auto,persistent,65.16799703240395,65.04000350832939,65.31199812889099,63.66240046918392,66.27199798822403,90,"[66.27199798822403, 63.87200206518173, 63.93600255250931, 65.0240033864975, 63.680000603199005, 65.08799642324448, 63.48799914121628, 89.53599631786346, 64.64000046253204, 65.50399959087372, 65.11999666690826, 65.34399837255478, 64.99200314283371, 66.46399945020676, 65.15199691057205, 65.5359998345375, 63.80800157785416, 65.5680000782013, 65.40799885988235, 65.31199812889099, 63.680000603199005, 64.80000168085098, 63.519999384880066, 65.43999910354614, 63.71200084686279, 65.50399959087372, 65.37599861621857, 63.840001821517944, 65.72800129652023, 63.519999384880066, 66.72000139951706, 63.93600255250931, 63.93600255250931, 65.50399959087372, 65.31199812889099, 65.11999666690826, 65.40799885988235, 65.34399837255478, 64.12799656391144, 65.11999666690826, 65.5680000782013, 65.5680000782013, 65.18399715423584, 65.24799764156342, 65.43999910354614, 65.40799885988235, 65.60000032186508, 65.21599739789963, 64.09599632024765, 63.64800035953522, 65.5680000782013, 65.05600363016129, 65.2799978852272, 63.58399987220764, 65.15199691057205, 65.43999910354614, 64.7680014371872, 64.96000289916992, 65.5359998345375, 65.50399959087372, 68.09599697589874, 64.67200070619583, 64.19199705123901, 64.09599632024765, 64.99200314283371, 63.93600255250931, 64.19199705123901, 64.83200192451477, 64.67200070619583, 65.05600363016129, 65.21599739789963, 65.92000275850296, 65.37599861621857, 64.99200314283371, 64.96000289916992, 65.05600363016129, 64.83200192451477, 65.43999910354614, 65.18399715423584, 64.80000168085098, 65.21599739789963, 65.21599739789963, 65.37599861621857, 63.77600133419037, 66.27199798822403, 65.47199934720993, 65.5680000782013, 65.63200056552887, 64.09599632024765, 65.34399837255478]",256,16384,508,32512,2368,2368,0.8789590428985192
uniform,10240,0.625,static,persistent,59.328000992536545,59.23200026154518,59.408001601696014,58.478398248553276,60.070399194955826,90,"[61.11999973654747, 58.81600081920624, 58.59199911355972, 59.39200147986412, 59.039998799562454, 59.007998555898666, 59.23200026154518, 59.20000001788139, 59.10399928689003, 59.10399928689003, 59.42400172352791, 59.36000123620033, 58.17599967122078, 58.88000130653381, 59.58399921655655, 59.39200147986412, 59.167999774217606, 59.167999774217606, 58.559998869895935, 59.99999865889549, 60.47999858856201, 59.23200026154518, 58.94400179386139, 59.007998555898666, 59.39200147986412, 59.328000992536545, 58.46399813890457, 59.39200147986412, 59.007998555898666, 59.328000992536545, 60.67200005054474, 59.67999994754791, 60.127999633550644, 58.49599838256836, 58.720000088214874, 59.26400050520897, 59.39200147986412, 58.559998869895935, 59.4559982419014, 59.29600074887276, 59.007998555898666, 59.647999703884125, 59.55199897289276, 59.29600074887276, 59.039998799562454, 59.23200026154518, 59.20000001788139, 59.58399921655655, 59.487998485565186, 59.487998485565186, 59.487998485565186, 59.20000001788139, 58.9120015501976, 59.647999703884125, 59.328000992536545, 59.20000001788139, 59.328000992536545, 58.9120015501976, 59.61599946022034, 59.23200026154518, 60.67200005054474, 58.240000158548355, 58.6559996008873, 59.20000001788139, 59.67999994754791, 59.29600074887276, 59.4559982419014, 59.74400043487549, 59.58399921655655, 59.58399921655655, 58.33600088953972, 59.7120001912117, 59.29600074887276, 59.776000678539276, 59.647999703884125, 59.10399928689003, 59.4559982419014, 59.55199897289276, 59.55199897289276, 59.39200147986412, 59.61599946022034, 59.74400043487549, 59.84000116586685, 59.55199897289276, 58.46399813890457, 59.58399921655655, 58.59199911355972, 59.487998485565186, 58.559998869895935, 59.61599946022034]",256,16384,508,32512,2368,32512,1.0
uniform,10240,0.625,persistent,persistent,65.35999849438667,65.26399776339531,65.43999910354614,63.87200206518173,65.95200300216675,90,"[66.14399701356888, 65.08799642324448, 65.98400324583054, 65.5359998345375, 65.72800129652023, 65.5680000782013, 64.80000168085098, 66.30399823188782, 65.5680000782013, 64.80000168085098, 65.69600105285645, 65.5680000782013, 65.5680000782013, 65.0240033864975, 65.24799764156342, 65.69600105285645, 65.5680000782013, 65.69600105285645, 65.79200178384781, 63.968002796173096, 64.96000289916992, 65.60000032186508, 65.43999910354614, 65.0240033864975, 65.8240020275116, 64.83200192451477, 63.87200206518173, 65.40799885988235, 65.43999910354614, 65.85600227117538, 65.95200300216675, 63.93600255250931, 63.87200206518173, 65.34399837255478, 65.2799978852272, 64.2239972949028, 64.31999802589417, 65.2799978852272, 65.40799885988235, 65.47199934720993, 65.5680000782013, 65.08799642324448, 65.50399959087372, 65.47199934720993, 65.37599861621857, 65.34399837255478, 65.72800129652023, 65.92000275850296, 65.37599861621857, 65.34399837255478, 65.31199812889099, 65.66400080919266, 65.11999666690826, 64.31999802589417, 65.47199934720993, 65.43999910354614, 65.34399837255478, 65.40799885988235, 65.11999666690826, 63.551999628543854, 66.14399701356888, 64.57599997520447, 64.51199948787689, 63.74400109052658, 65.50399959087372, 65.18399715423584, 65.43999910354614, 65.11999666690826, 65.63200056552887, 64.7680014371872, 64.96000289916992, 65.34399837255478, 65.95200300216675, 65.24799764156342, 63.61600011587143, 65.31199812889099, 64.4799992442131, 65.40799885988235, 63.968002796173096, 65.50399959087372, 64.35199826955795, 65.18399715423584, 64.51199948787689, 63.58399987220764, 65.5680000782013, 64.28799778223038, 65.76000154018402, 64.92800265550613, 65.66400080919266, 65.47199934720993]",256,16384,508,32512,2368,2368,0.9077111744063431
uniform,10240,0.625,production_auto,persistent,65.37599861621857,65.21599739789963,65.43999910354614,63.708800822496414,66.11519679427147,90,"[66.01600348949432, 64.15999680757523, 65.60000032186508, 63.90400230884552, 63.968002796173096, 65.37599861621857, 65.18399715423584, 63.74400109052658, 65.72800129652023, 65.24799764156342, 64.96000289916992, 65.34399837255478, 64.83200192451477, 65.47199934720993, 64.35199826955795, 66.0799965262413, 65.08799642324448, 65.2799978852272, 63.45599889755249, 65.50399959087372, 63.29599767923355, 64.99200314283371, 64.86400216817856, 64.7680014371872, 65.40799885988235, 64.67200070619583, 65.43999910354614, 65.21599739789963, 65.40799885988235, 64.89600241184235, 67.16799736022949, 63.90400230884552, 65.05600363016129, 64.12799656391144, 65.34399837255478, 65.21599739789963, 65.05600363016129, 65.40799885988235, 65.37599861621857, 65.63200056552887, 65.37599861621857, 64.64000046253204, 65.47199934720993, 65.76000154018402, 65.63200056552887, 65.69600105285645, 65.60000032186508, 65.31199812889099, 63.35999816656113, 65.05600363016129, 65.5680000782013, 63.680000603199005, 65.40799885988235, 64.12799656391144, 65.40799885988235, 63.4239986538887, 65.40799885988235, 65.21599739789963, 65.21599739789963, 65.5680000782013, 66.84800237417221, 64.44799900054932, 65.88800251483917, 65.18399715423584, 65.40799885988235, 66.23999774456024, 65.88800251483917, 65.79200178384781, 65.69600105285645, 66.880002617836, 65.63200056552887, 65.21599739789963, 65.98400324583054, 65.34399837255478, 65.66400080919266, 65.2799978852272, 65.79200178384781, 65.50399959087372, 65.8240020275116, 64.99200314283371, 65.8240020275116, 64.7360011935234, 65.79200178384781, 64.83200192451477, 65.8240020275116, 64.89600241184235, 65.63200056552887, 65.63200056552887, 65.69600105285645, 66.14399701356888]",256,16384,508,32512,2368,2368,0.907489021174483
uniform,12288,0.75,static,persistent,61.23200058937073,61.11999973654747,61.32800132036209,59.61599946022034,61.824001371860504,90,"[61.824001371860504, 60.256000608205795, 59.61599946022034, 59.61599946022034, 61.344001442193985, 61.43999844789505, 61.5679994225502, 59.67999994754791, 59.487998485565186, 61.3120011985302, 60.256000608205795, 60.35200133919716, 61.344001442193985, 60.736000537872314, 60.67200005054474, 61.11999973654747, 61.40799820423126, 61.47199869155884, 61.43999844789505, 61.3120011985302, 61.11999973654747, 60.7680007815361, 59.58399921655655, 61.63199990987778, 59.58399921655655, 60.5119988322258, 61.3120011985302, 61.40799820423126, 59.55199897289276, 61.02399900555611, 62.24000081419945, 60.80000102519989, 61.664000153541565, 61.28000095486641, 60.95999851822853, 61.91999837756157, 61.28000095486641, 61.76000088453293, 60.35200133919716, 59.90400165319443, 61.216000467538834, 61.5679994225502, 61.02399900555611, 61.344001442193985, 61.216000467538834, 61.59999966621399, 60.416001826524734, 61.15199998021126, 61.69600039720535, 61.184000223875046, 61.216000467538834, 61.824001371860504, 61.503998935222626, 60.896001756191254, 61.24800071120262, 60.896001756191254, 60.80000102519989, 59.7120001912117, 60.70400029420853, 61.37600168585777, 61.85600161552429, 60.736000537872314, 61.40799820423126, 61.055999249219894, 61.15199998021126, 61.24800071120262, 61.344001442193985, 61.664000153541565, 61.43999844789505, 60.95999851822853, 60.54399907588959, 61.28000095486641, 61.43999844789505, 61.08799949288368, 61.5679994225502, 61.3120011985302, 61.15199998021126, 61.63199990987778, 61.47199869155884, 61.5679994225502, 61.28000095486641, 60.95999851822853, 61.02399900555611, 61.85600161552429, 61.47199869155884, 61.11999973654747, 61.40799820423126, 61.184000223875046, 60.99199876189232, 61.69600039720535]",256,16384,508,32512,2368,32512,1.0
uniform,12288,0.75,persistent,persistent,65.50399959087372,65.43999910354614,65.60040032491088,64.86080214381218,67.06079989671707,90,"[66.78400188684464, 66.27199798822403, 65.34399837255478, 65.92000275850296, 65.8240020275116, 65.76000154018402, 65.95200300216675, 65.72800129652023, 65.60000032186508, 65.5359998345375, 65.5359998345375, 65.63200056552887, 64.80000168085098, 65.5359998345375, 64.83200192451477, 65.43999910354614, 65.43999910354614, 65.40799885988235, 65.47199934720993, 65.92000275850296, 65.88800251483917, 64.7680014371872, 65.66400080919266, 64.70400094985962, 64.96000289916992, 65.60000032186508, 65.2799978852272, 65.15199691057205, 65.47199934720993, 65.5680000782013, 68.15999746322632, 66.6240006685257, 64.64000046253204, 65.31199812889099, 66.0799965262413, 65.15199691057205, 65.08799642324448, 66.14399701356888, 65.18399715423584, 65.66400080919266, 65.24799764156342, 65.34399837255478, 65.5359998345375, 65.50399959087372, 64.89600241184235, 65.50399959087372, 67.00800359249115, 65.2799978852272, 65.18399715423584, 65.05600363016129, 65.79200178384781, 67.10399687290192, 65.24799764156342, 65.5680000782013, 65.69600105285645, 65.31199812889099, 64.96000289916992, 67.32799857854843, 65.5680000782013, 65.18399715423584, 67.64800101518631, 66.17599725723267, 66.23999774456024, 65.50399959087372, 65.8240020275116, 65.08799642324448, 66.27199798822403, 64.92800265550613, 65.76000154018402, 65.15199691057205, 65.43999910354614, 65.69600105285645, 65.37599861621857, 65.43999910354614, 65.5359998345375, 67.391999065876, 65.8240020275116, 65.40799885988235, 65.11999666690826, 65.34399837255478, 66.14399701356888, 65.34399837255478, 65.18399715423584, 65.47199934720993, 65.79200178384781, 65.88800251483917, 65.43999910354614, 66.3359984755516, 65.50399959087372, 65.2799978852272]",256,16384,508,32512,2368,2368,0.9347826235316143
uniform,12288,0.75,production_auto,persistent,65.50399959087372,65.42399898171425,65.60000032186508,65.0240033864975,66.76800176501274,90,"[67.45599955320358, 66.56000018119812, 66.17599725723267, 66.04799628257751, 65.2799978852272, 65.76000154018402, 65.72800129652023, 65.43999910354614, 65.50399959087372, 65.0240033864975, 66.91200286149979, 65.0240033864975, 65.2799978852272, 65.63200056552887, 65.40799885988235, 65.76000154018402, 65.63200056552887, 65.79200178384781, 65.5680000782013, 65.08799642324448, 65.08799642324448, 65.37599861621857, 66.56000018119812, 65.43999910354614, 65.05600363016129, 65.98400324583054, 66.59200042486191, 65.34399837255478, 65.43999910354614, 64.89600241184235, 68.00000369548798, 66.52799993753433, 65.5359998345375, 65.31199812889099, 66.11199676990509, 65.40799885988235, 65.08799642324448, 65.31199812889099, 65.34399837255478, 64.89600241184235, 65.43999910354614, 65.11999666690826, 66.04799628257751, 65.0240033864975, 65.37599861621857, 65.24799764156342, 65.5359998345375, 65.34399837255478, 65.47199934720993, 66.11199676990509, 65.43999910354614, 65.37599861621857, 65.92000275850296, 65.50399959087372, 65.40799885988235, 64.99200314283371, 65.85600227117538, 66.27199798822403, 65.31199812889099, 65.15199691057205, 69.05599683523178, 66.20799750089645, 65.98400324583054, 65.66400080919266, 65.0240033864975, 65.66400080919266, 65.5359998345375, 65.37599861621857, 65.63200056552887, 65.60000032186508, 65.50399959087372, 65.05600363016129, 65.5680000782013, 66.20799750089645, 66.3679987192154, 67.03999638557434, 65.43999910354614, 65.47199934720993, 66.20799750089645, 65.69600105285645, 65.76000154018402, 65.40799885988235, 65.5359998345375, 65.05600363016129, 65.43999910354614, 65.2799978852272, 65.21599739789963, 65.60000032186508, 65.11999666690826, 65.60000032186508]",256,16384,508,32512,2368,2368,0.9347826235316143
uniform,14336,0.875,static,persistent,61.59999966621399,61.503998935222626,61.79280113428831,61.055999249219894,63.35999816656113,90,"[63.35999816656113, 61.40799820423126, 61.503998935222626, 61.824001371860504, 63.07200342416763, 63.10400366783142, 62.431998550891876, 62.81600147485733, 61.11999973654747, 60.864001512527466, 61.664000153541565, 61.15199998021126, 63.040003180503845, 62.78400123119354, 61.535999178886414, 61.5679994225502, 62.49599903821945, 61.824001371860504, 61.59999966621399, 63.45599889755249, 61.535999178886414, 61.40799820423126, 62.463998794555664, 61.344001442193985, 62.52799928188324, 61.15199998021126, 61.59999966621399, 61.24800071120262, 61.184000223875046, 61.664000153541565, 64.03200328350067, 61.08799949288368, 61.69600039720535, 62.111999839544296, 61.216000467538834, 62.912002205848694, 63.26399743556976, 61.664000153541565, 61.503998935222626, 61.535999178886414, 61.76000088453293, 61.24800071120262, 61.37600168585777, 63.10400366783142, 61.24800071120262, 61.24800071120262, 61.37600168585777, 61.055999249219894, 61.3120011985302, 62.52799928188324, 60.92799827456474, 62.20800057053566, 61.11999973654747, 61.47199869155884, 62.78400123119354, 62.68800050020218, 62.81600147485733, 61.535999178886414, 61.535999178886414, 61.344001442193985, 64.06400352716446, 61.47199869155884, 62.04799935221672, 61.69600039720535, 62.30400130152702, 61.216000467538834, 61.184000223875046, 63.040003180503845, 61.11999973654747, 61.72800064086914, 61.28000095486641, 60.896001756191254, 62.97600269317627, 61.88800185918808, 63.13599646091461, 63.35999816656113, 61.3120011985302, 63.4239986538887, 61.43999844789505, 61.055999249219894, 62.55999952554703, 62.39999830722809, 61.02399900555611, 62.24000081419945, 62.111999839544296, 61.72800064086914, 61.24800071120262, 61.055999249219894, 61.344001442193985, 61.5679994225502]",256,16384,508,32512,2368,32512,1.0
uniform,14336,0.875,persistent,persistent,66.84800237417221,66.6224006563425,67.1207970008254,65.53279981017113,67.68320128321648,90,"[69.56800073385239, 67.26399809122086, 65.72800129652023, 66.30399823188782, 65.24799764156342, 66.01600348949432, 66.20799750089645, 67.61600077152252, 67.48799979686737, 66.84800237417221, 67.03999638557434, 66.43199920654297, 65.76000154018402, 65.66400080919266, 67.32799857854843, 67.29599833488464, 65.5680000782013, 67.32799857854843, 65.31199812889099, 67.00800359249115, 65.50399959087372, 65.63200056552887, 67.391999065876, 66.81600213050842, 65.69600105285645, 67.48799979686737, 67.32799857854843, 67.23199784755707, 66.97600334882736, 67.391999065876, 66.39999896287918, 66.81600213050842, 66.68800115585327, 65.85600227117538, 67.19999760389328, 65.5680000782013, 65.60000032186508, 67.4239993095398, 67.64800101518631, 65.43999910354614, 65.76000154018402, 67.35999882221222, 66.23999774456024, 67.19999760389328, 67.48799979686737, 65.76000154018402, 65.60000032186508, 66.65600091218948, 66.84800237417221, 67.4239993095398, 65.79200178384781, 66.30399823188782, 67.10399687290192, 67.58400052785873, 66.78400188684464, 67.58400052785873, 65.69600105285645, 66.84800237417221, 65.47199934720993, 65.60000032186508, 69.69600170850754, 66.01600348949432, 67.84000247716904, 68.03199648857117, 65.63200056552887, 67.71200150251389, 66.84800237417221, 66.46399945020676, 67.35999882221222, 65.8240020275116, 67.45599955320358, 67.32799857854843, 67.29599833488464, 66.84800237417221, 67.48799979686737, 65.5680000782013, 65.66400080919266, 67.00800359249115, 65.95200300216675, 67.00800359249115, 67.52000004053116, 66.81600213050842, 65.76000154018402, 67.55200028419495, 67.61600077152252, 66.91200286149979, 67.19999760389328, 67.35999882221222, 66.6240006685257, 67.391999065876]",256,16384,508,32512,2368,2368,0.9214934998568354
uniform,14336,0.875,production_auto,persistent,66.84800237417221,66.17599725723267,67.1359971165657,65.35839848220348,67.72960163652897,90,"[68.09599697589874, 66.46399945020676, 65.8240020275116, 66.14399701356888, 65.92000275850296, 65.8240020275116, 67.19999760389328, 66.04799628257751, 66.52799993753433, 66.81600213050842, 65.69600105285645, 67.391999065876, 67.80800223350525, 67.1359971165657, 67.391999065876, 67.23199784755707, 67.1359971165657, 67.1359971165657, 67.26399809122086, 65.5359998345375, 65.76000154018402, 67.1359971165657, 67.6800012588501, 67.07199662923813, 67.35999882221222, 67.58400052785873, 67.391999065876, 65.72800129652023, 67.74400174617767, 67.19999760389328, 69.37599927186966, 66.91200286149979, 65.95200300216675, 66.81600213050842, 65.5359998345375, 65.50399959087372, 67.4239993095398, 65.72800129652023, 65.47199934720993, 67.19999760389328, 67.07199662923813, 65.47199934720993, 67.45599955320358, 65.18399715423584, 65.88800251483917, 66.91200286149979, 66.81600213050842, 65.50399959087372, 67.55200028419495, 65.85600227117538, 65.72800129652023, 65.60000032186508, 66.880002617836, 65.34399837255478, 67.71200150251389, 67.26399809122086, 67.29599833488464, 65.63200056552887, 66.78400188684464, 66.43199920654297, 69.34399902820587, 65.95200300216675, 67.10399687290192, 67.4239993095398, 67.71200150251389, 65.34399837255478, 65.5680000782013, 67.45599955320358, 66.65600091218948, 67.48799979686737, 67.55200028419495, 65.37599861621857, 67.00800359249115, 66.20799750089645, 65.43999910354614, 67.16799736022949, 66.91200286149979, 67.19999760389328, 67.4239993095398, 65.60000032186508, 65.88800251483917, 65.69600105285645, 66.01600348949432, 65.66400080919266, 65.34399837255478, 66.97600334882736, 65.98400324583054, 65.21599739789963, 67.71200150251389, 67.19999760389328]",256,16384,508,32512,2368,2368,0.9214934998568354
uniform,16384,1.0,static,persistent,63.40799853205681,63.29599767923355,63.599999994039536,62.830401584506035,65.0240033864975,90,"[66.52799993753433, 64.38399851322174, 63.87200206518173, 64.06400352716446, 64.12799656391144, 63.80800157785416, 64.2239972949028, 63.19999694824219, 63.32799792289734, 63.19999694824219, 63.64800035953522, 62.94400244951248, 63.61600011587143, 64.7680014371872, 63.35999816656113, 63.26399743556976, 63.19999694824219, 64.06400352716446, 63.77600133419037, 65.0240033864975, 64.54399973154068, 62.81600147485733, 63.1679967045784, 64.92800265550613, 63.19999694824219, 62.97600269317627, 63.1679967045784, 63.00800293684006, 64.00000303983688, 62.81600147485733, 66.75200164318085, 64.64000046253204, 64.15999680757523, 63.840001821517944, 63.29599767923355, 63.29599767923355, 63.90400230884552, 65.15199691057205, 63.00800293684006, 63.13599646091461, 63.391998410224915, 63.26399743556976, 63.45599889755249, 63.10400366783142, 64.80000168085098, 63.391998410224915, 63.19999694824219, 65.0240033864975, 63.1679967045784, 63.13599646091461, 63.29599767923355, 63.48799914121628, 64.38399851322174, 63.040003180503845, 63.10400366783142, 63.10400366783142, 64.96000289916992, 63.19999694824219, 63.48799914121628, 63.32799792289734, 67.10399687290192, 63.77600133419037, 63.58399987220764, 63.391998410224915, 64.96000289916992, 63.45599889755249, 63.1679967045784, 63.1679967045784, 63.4239986538887, 62.880001962184906, 63.74400109052658, 63.35999816656113, 62.55999952554703, 62.6240000128746, 63.00800293684006, 63.64800035953522, 63.80800157785416, 64.31999802589417, 62.84800171852112, 64.70400094985962, 63.45599889755249, 63.48799914121628, 62.72000074386597, 64.57599997520447, 63.4239986538887, 63.391998410224915, 62.97600269317627, 63.680000603199005, 62.94400244951248, 63.19999694824219]",256,16384,508,32512,2368,32512,1.0
uniform,16384,1.0,persistent,persistent,67.4079991877079,67.32799857854843,67.56840040907264,66.728001460433,68.27679835259914,90,"[68.31999868154526, 68.2239979505539, 67.6800012588501, 67.4239993095398, 67.29599833488464, 67.26399809122086, 67.391999065876, 67.6800012588501, 67.10399687290192, 67.35999882221222, 67.58400052785873, 68.54400038719177, 67.80800223350525, 67.87200272083282, 67.35999882221222, 67.26399809122086, 67.64800101518631, 67.74400174617767, 67.29599833488464, 67.32799857854843, 67.74400174617767, 67.84000247716904, 67.48799979686737, 67.35999882221222, 67.58400052785873, 66.81600213050842, 67.391999065876, 66.65600091218948, 67.23199784755707, 67.391999065876, 67.48799979686737, 66.30399823188782, 67.80800223350525, 68.4799998998642, 67.71200150251389, 67.55200028419495, 67.96800345182419, 66.91200286149979, 66.97600334882736, 67.61600077152252, 67.6800012588501, 67.87200272083282, 67.391999065876, 67.07199662923813, 66.91200286149979, 67.48799979686737, 67.74400174617767, 67.16799736022949, 67.23199784755707, 67.23199784755707, 67.29599833488464, 67.74400174617767, 66.97600334882736, 67.29599833488464, 67.19999760389328, 67.61600077152252, 67.26399809122086, 67.07199662923813, 67.45599955320358, 67.58400052785873, 69.76000219583511, 66.01600348949432, 67.80800223350525, 67.07199662923813, 67.77600198984146, 67.90400296449661, 67.32799857854843, 67.35999882221222, 67.4239993095398, 67.19999760389328, 67.32799857854843, 67.29599833488464, 66.91200286149979, 67.71200150251389, 67.19999760389328, 67.9360032081604, 67.71200150251389, 66.59200042486191, 68.1919977068901, 67.16799736022949, 67.48799979686737, 66.17599725723267, 67.16799736022949, 67.74400174617767, 67.23199784755707, 69.05599683523178, 68.00000369548798, 67.64800101518631, 66.97600334882736, 67.55200028419495]",256,16384,508,32512,2368,2368,0.9406598518892026
uniform,16384,1.0,production_auto,persistent,67.53600016236305,67.45599955320358,67.61600077152252,66.81600213050842,68.65760125219822,90,"[68.70400160551071, 67.16799736022949, 67.6800012588501, 67.61600077152252, 67.64800101518631, 67.52000004053116, 67.23199784755707, 67.52000004053116, 67.71200150251389, 67.52000004053116, 67.6800012588501, 67.9360032081604, 67.4239993095398, 67.48799979686737, 67.35999882221222, 67.71200150251389, 67.58400052785873, 67.45599955320358, 67.10399687290192, 67.9360032081604, 67.48799979686737, 67.71200150251389, 67.58400052785873, 67.45599955320358, 67.80800223350525, 67.29599833488464, 67.55200028419495, 67.45599955320358, 66.84800237417221, 66.81600213050842, 67.9360032081604, 66.72000139951706, 67.07199662923813, 67.03999638557434, 66.14399701356888, 67.1359971165657, 67.58400052785873, 67.07199662923813, 67.61600077152252, 67.77600198984146, 67.58400052785873, 67.32799857854843, 66.84800237417221, 67.77600198984146, 67.74400174617767, 67.55200028419495, 66.84800237417221, 68.7360018491745, 67.71200150251389, 68.67200136184692, 68.09599697589874, 67.52000004053116, 67.58400052785873, 67.71200150251389, 67.74400174617767, 67.45599955320358, 67.32799857854843, 66.94400310516357, 67.391999065876, 66.94400310516357, 69.56800073385239, 67.96800345182419, 68.09599697589874, 67.80800223350525, 67.35999882221222, 66.81600213050842, 66.72000139951706, 67.391999065876, 67.03999638557434, 67.74400174617767, 68.06399673223495, 67.61600077152252, 77.2479996085167, 66.23999774456024, 67.87200272083282, 67.61600077152252, 66.97600334882736, 68.57600063085556, 67.77600198984146, 67.29599833488464, 67.71200150251389, 67.55200028419495, 67.07199662923813, 68.03199648857117, 67.29599833488464, 67.16799736022949, 67.16799736022949, 67.19999760389328, 68.64000111818314, 67.00800359249115]",256,16384,508,32512,2368,2368,0.9388770193617904
zipf,1024,0.0625,static,persistent,45.21600157022476,45.152001082897186,45.27999833226204,44.68640126287937,46.14400118589401,90,"[47.90399968624115, 45.024000108242035, 45.31199857592583, 45.69600149989128, 45.791998505592346, 45.21600157022476, 45.184001326560974, 45.24800181388855, 45.024000108242035, 45.60000076889992, 44.76799815893173, 45.471999794244766, 44.704001396894455, 45.632001012563705, 44.863998889923096, 45.31199857592583, 45.1200008392334, 45.21600157022476, 44.73600164055824, 45.1200008392334, 46.14400118589401, 46.39999940991402, 45.56800052523613, 45.24800181388855, 44.95999962091446, 44.89599913358688, 44.73600164055824, 45.9199994802475, 45.21600157022476, 45.27999833226204, 47.040000557899475, 44.64000090956688, 43.83999854326248, 45.24800181388855, 45.152001082897186, 45.66400125622749, 45.27999833226204, 44.44799944758415, 44.99199986457825, 43.87199878692627, 44.863998889923096, 45.951999723911285, 45.504000037908554, 45.21600157022476, 45.75999826192856, 45.9199994802475, 45.27999833226204, 45.184001326560974, 45.40799930691719, 45.152001082897186, 44.89599913358688, 45.21600157022476, 44.89599913358688, 45.05600035190582, 45.21600157022476, 44.95999962091446, 44.863998889923096, 45.85599899291992, 45.05600035190582, 44.95999962091446, 45.823998749256134, 46.112000942230225, 46.04800045490265, 45.08800059556961, 45.24800181388855, 45.024000108242035, 45.08800059556961, 45.343998819589615, 44.863998889923096, 45.40799930691719, 45.152001082897186, 45.024000108242035, 45.08800059556961, 45.21600157022476, 45.152001082897186, 45.31199857592583, 45.024000108242035, 44.67200115323067, 45.08800059556961, 45.53600028157234, 45.27999833226204, 45.05600035190582, 45.343998819589615, 45.471999794244766, 44.76799815893173, 45.75999826192856, 45.43999955058098, 46.14400118589401, 45.21600157022476, 46.14400118589401]",195,12480,508,32512,2368,32512,1.0
zipf,1024,0.0625,persistent,persistent,47.29599878191948,47.21560007892549,47.376399394124746,46.89439944922924,48.91519993543625,90,"[49.44000020623207, 46.9760000705719, 47.68000170588493, 47.29599878191948, 47.29599878191948, 47.839999198913574, 46.911999583244324, 47.58400097489357, 47.648001462221146, 47.07200080156326, 47.13600128889084, 47.359999269247055, 47.39199951291084, 47.16800153255463, 47.231998294591904, 47.29599878191948, 47.359999269247055, 47.00800031423569, 47.58400097489357, 47.231998294591904, 47.359999269247055, 47.07200080156326, 47.58400097489357, 47.359999269247055, 47.32799902558327, 47.10400104522705, 47.040000557899475, 48.0320006608963, 47.55200073122978, 47.648001462221146, 49.215998500585556, 49.0880012512207, 47.839999198913574, 47.775998711586, 48.09600114822388, 47.58400097489357, 49.15200173854828, 48.00000041723251, 47.10400104522705, 47.040000557899475, 47.00800031423569, 46.62400111556053, 46.84799909591675, 48.51200059056282, 47.29599878191948, 47.29599878191948, 47.13600128889084, 47.359999269247055, 47.39199951291084, 47.231998294591904, 47.200001776218414, 47.71199822425842, 48.70399832725525, 47.39199951291084, 46.9760000705719, 48.70399832725525, 47.200001776218414, 46.879999339580536, 47.93599992990494, 47.32799902558327, 48.00000041723251, 47.231998294591904, 48.06400090456009, 48.09600114822388, 47.45600000023842, 46.94399982690811, 47.16800153255463, 46.9760000705719, 47.231998294591904, 47.68000170588493, 47.040000557899475, 46.720001846551895, 47.16800153255463, 47.200001776218414, 47.90399968624115, 46.52800038456917, 47.807998955249786, 47.10400104522705, 47.74399846792221, 46.911999583244324, 47.200001776218414, 47.775998711586, 47.040000557899475, 47.16800153255463, 47.58400097489357, 47.13600128889084, 47.00800031423569, 47.040000557899475, 69.2799985408783, 47.13600128889084]",195,12480,508,32512,2368,2368,0.9560217087012893
zipf,1024,0.0625,production_auto,persistent,47.32799902558327,47.231998294591904,47.488000243902206,46.79200071841478,48.39999973773956,90,"[50.464000552892685, 46.720001846551895, 47.648001462221146, 47.488000243902206, 47.07200080156326, 47.488000243902206, 47.16800153255463, 47.231998294591904, 47.39199951291084, 46.560000628232956, 47.13600128889084, 47.71199822425842, 47.648001462221146, 47.45600000023842, 47.71199822425842, 47.61600121855736, 46.879999339580536, 47.16800153255463, 46.720001846551895, 46.9760000705719, 47.29599878191948, 47.58400097489357, 47.13600128889084, 47.55200073122978, 47.231998294591904, 47.231998294591904, 46.49600014090538, 47.488000243902206, 47.13600128889084, 47.648001462221146, 50.52800104022026, 47.10400104522705, 47.68000170588493, 48.0320006608963, 48.0320006608963, 46.592000871896744, 47.775998711586, 48.09600114822388, 47.68000170588493, 48.22399839758873, 47.29599878191948, 47.07200080156326, 47.58400097489357, 47.359999269247055, 47.807998955249786, 47.61600121855736, 47.648001462221146, 47.231998294591904, 47.32799902558327, 47.040000557899475, 47.16800153255463, 47.488000243902206, 47.32799902558327, 48.928000032901764, 47.45600000023842, 47.00800031423569, 47.040000557899475, 47.32799902558327, 47.42399975657463, 47.00800031423569, 49.92000013589859, 47.58400097489357, 48.0320006608963, 47.488000243902206, 47.32799902558327, 47.13600128889084, 47.26399853825569, 46.911999583244324, 47.16800153255463, 46.9760000705719, 47.839999198913574, 48.54400083422661, 47.13600128889084, 46.879999339580536, 47.231998294591904, 47.07200080156326, 46.911999583244324, 46.911999583244324, 47.29599878191948, 47.07200080156326, 47.29599878191948, 47.29599878191948, 47.00800031423569, 47.55200073122978, 47.61600121855736, 46.879999339580536, 47.520000487565994, 47.58400097489357, 47.520000487565994, 46.879999339580536]",195,12480,508,32512,2368,2368,0.955375306397026
zipf,2048,0.125,static,persistent,56.92800134420395,56.09599873423576,57.21599981188774,55.48800155520439,57.681599631905556,90,"[57.37600103020668, 57.08799883723259, 57.28000029921532, 56.03199824690819, 55.904000997543335, 55.58399856090546, 57.28000029921532, 57.151999324560165, 57.34400078654289, 56.03199824690819, 56.15999922156334, 57.08799883723259, 55.48800155520439, 55.87200075387955, 60.32000109553337, 55.52000179886818, 55.52000179886818, 55.71199953556061, 55.84000051021576, 57.69599974155426, 55.71199953556061, 57.312000542879105, 56.92800134420395, 57.37600103020668, 55.58399856090546, 56.73599988222122, 57.53599852323532, 55.424001067876816, 57.312000542879105, 57.37600103020668, 59.808000922203064, 56.063998490571976, 56.063998490571976, 55.48800155520439, 56.0000017285347, 57.0559985935688, 57.472001761198044, 57.50399827957153, 57.40800127387047, 55.296000093221664, 57.312000542879105, 57.21599981188774, 57.34400078654289, 57.53599852323532, 57.28000029921532, 57.312000542879105, 55.55199831724167, 55.615998804569244, 55.32800033688545, 57.66399949789047, 55.743999779224396, 57.28000029921532, 55.424001067876816, 57.28000029921532, 57.37600103020668, 57.28000029921532, 55.743999779224396, 55.67999929189682, 55.80800026655197, 56.89600110054016, 58.78400057554245, 56.15999922156334, 56.28800019621849, 57.440001517534256, 55.84000051021576, 55.776000022888184, 57.023998349905014, 55.904000997543335, 55.96800148487091, 55.58399856090546, 57.34400078654289, 55.615998804569244, 57.50399827957153, 57.472001761198044, 55.67999929189682, 55.48800155520439, 56.89600110054016, 57.40800127387047, 57.50399827957153, 57.0559985935688, 57.472001761198044, 55.87200075387955, 57.37600103020668, 56.92800134420395, 56.12799897789955, 56.384000927209854, 57.21599981188774, 55.58399856090546, 57.0559985935688, 58.59199911355972]",271,17344,508,32512,2368,32512,1.0
zipf,2048,0.125,persistent,persistent,62.04799935221672,61.85600161552429,62.49599903821945,61.582399532198906,63.63360024988651,90,"[64.86400216817856, 62.463998794555664, 61.5679994225502, 62.39999830722809, 63.4239986538887, 61.76000088453293, 61.47199869155884, 61.664000153541565, 61.535999178886414, 61.69600039720535, 62.01599910855293, 62.04799935221672, 61.72800064086914, 61.72800064086914, 61.72800064086914, 61.824001371860504, 61.664000153541565, 61.63199990987778, 61.69600039720535, 61.664000153541565, 61.91999837756157, 63.48799914121628, 61.69600039720535, 61.664000153541565, 61.983998864889145, 61.824001371860504, 61.664000153541565, 61.85600161552429, 61.72800064086914, 61.76000088453293, 64.38399851322174, 62.880001962184906, 62.55999952554703, 63.4239986538887, 63.61600011587143, 63.13599646091461, 61.59999966621399, 61.69600039720535, 62.591999769210815, 62.04799935221672, 62.33600154519081, 61.72800064086914, 61.91999837756157, 62.30400130152702, 63.45599889755249, 61.76000088453293, 63.10400366783142, 61.63199990987778, 63.29599767923355, 63.64800035953522, 63.35999816656113, 62.20800057053566, 61.824001371860504, 63.10400366783142, 63.00800293684006, 61.5679994225502, 63.391998410224915, 63.10400366783142, 61.983998864889145, 61.69600039720535, 63.26399743556976, 64.06400352716446, 62.72000074386597, 62.04799935221672, 63.551999628543854, 62.55999952554703, 63.551999628543854, 62.04799935221672, 62.52799928188324, 63.4239986538887, 63.19999694824219, 63.391998410224915, 63.551999628543854, 62.144000083208084, 62.78400123119354, 61.88800185918808, 61.69600039720535, 63.45599889755249, 61.72800064086914, 61.824001371860504, 63.64800035953522, 61.76000088453293, 61.5679994225502, 61.88800185918808, 63.551999628543854, 62.752000987529755, 61.72800064086914, 61.983998864889145, 61.72800064086914, 62.880001962184906]",271,17344,508,32512,2368,2368,0.9174832700253718
zipf,2048,0.125,production_auto,persistent,62.912002205848694,62.431998550891876,63.26439743861556,61.63199990987778,63.840001821517944,90,"[64.09599632024765, 62.68800050020218, 62.111999839544296, 63.00800293684006, 62.24000081419945, 62.72000074386597, 61.824001371860504, 62.01599910855293, 61.69600039720535, 63.26399743556976, 61.63199990987778, 61.69600039720535, 63.77600133419037, 63.519999384880066, 62.39999830722809, 62.20800057053566, 62.144000083208084, 63.231997191905975, 61.983998864889145, 62.65600025653839, 61.95199862122536, 61.40799820423126, 63.32799792289734, 63.519999384880066, 62.81600147485733, 63.391998410224915, 63.29599767923355, 62.880001962184906, 63.64800035953522, 63.45599889755249, 66.01600348949432, 62.463998794555664, 62.17600032687187, 63.26399743556976, 63.391998410224915, 61.5679994225502, 89.4400030374527, 62.68800050020218, 63.87200206518173, 63.74400109052658, 63.71200084686279, 63.61600011587143, 63.71200084686279, 61.72800064086914, 63.4239986538887, 62.04799935221672, 62.591999769210815, 63.391998410224915, 61.72800064086914, 63.48799914121628, 61.664000153541565, 61.983998864889145, 63.840001821517944, 63.74400109052658, 63.391998410224915, 62.01599910855293, 61.72800064086914, 62.04799935221672, 63.1679967045784, 63.551999628543854, 63.840001821517944, 63.10400366783142, 62.144000083208084, 63.4239986538887, 63.4239986538887, 61.792001128196716, 61.664000153541565, 62.55999952554703, 63.29599767923355, 62.04799935221672, 63.840001821517944, 63.19999694824219, 63.61600011587143, 63.48799914121628, 63.519999384880066, 63.551999628543854, 63.45599889755249, 62.20800057053566, 62.65600025653839, 63.4239986538887, 62.24000081419945, 61.5679994225502, 63.519999384880066, 61.63199990987778, 62.111999839544296, 61.76000088453293, 63.040003180503845, 62.94400244951248, 61.59999966621399, 61.63199990987778]",271,17344,508,32512,2368,2368,0.9048830008292371
zipf,3072,0.1875,static,persistent,58.20799991488457,57.840000838041306,58.94400179386139,57.29440040886402,59.61599946022034,90,"[60.63999980688095, 59.29600074887276, 57.82400071620941, 57.50399827957153, 59.328000992536545, 59.07199904322624, 58.62399935722351, 59.20000001788139, 59.4559982419014, 58.559998869895935, 59.39200147986412, 58.6559996008873, 57.69599974155426, 57.56799876689911, 58.49599838256836, 59.39200147986412, 59.36000123620033, 57.8560009598732, 59.29600074887276, 59.26400050520897, 59.29600074887276, 58.94400179386139, 59.29600074887276, 58.78400057554245, 58.33600088953972, 59.23200026154518, 57.72799998521805, 59.36000123620033, 59.13599953055382, 59.39200147986412, 60.06399914622307, 58.97599831223488, 58.14399942755699, 59.42400172352791, 57.440001517534256, 59.42400172352791, 57.69599974155426, 57.792000472545624, 59.61599946022034, 57.72799998521805, 59.61599946022034, 57.37600103020668, 57.37600103020668, 59.39200147986412, 57.37600103020668, 57.95200169086456, 57.40800127387047, 57.53599852323532, 57.472001761198044, 57.72799998521805, 57.34400078654289, 57.98399820923805, 59.51999872922897, 61.535999178886414, 58.14399942755699, 57.66399949789047, 57.82400071620941, 59.61599946022034, 59.4559982419014, 57.5999990105629, 59.36000123620033, 58.97599831223488, 57.18399956822395, 58.33600088953972, 59.13599953055382, 57.95200169086456, 57.28000029921532, 57.440001517534256, 57.18399956822395, 57.95200169086456, 57.24800005555153, 57.34400078654289, 57.37600103020668, 57.312000542879105, 59.487998485565186, 57.18399956822395, 57.760000228881836, 57.34400078654289, 57.760000228881836, 58.20799991488457, 59.07199904322624, 59.20000001788139, 58.94400179386139, 57.472001761198044, 57.40800127387047, 59.328000992536545, 58.20799991488457, 57.95200169086456, 57.82400071620941, 57.50399827957153]",281,17984,508,32512,2368,32512,1.0
zipf,3072,0.1875,persistent,persistent,63.680000603199005,63.519999384880066,63.74400109052658,63.05120326578617,64.6608006209135,90,"[65.5680000782013, 62.84800171852112, 64.25599753856659, 64.38399851322174, 63.74400109052658, 64.60800021886826, 63.26399743556976, 64.09599632024765, 63.4239986538887, 64.35199826955795, 64.31999802589417, 63.29599767923355, 63.71200084686279, 64.00000303983688, 64.54399973154068, 63.35999816656113, 63.80800157785416, 63.74400109052658, 64.38399851322174, 63.48799914121628, 63.551999628543854, 63.48799914121628, 63.35999816656113, 63.48799914121628, 63.00800293684006, 63.19999694824219, 63.551999628543854, 63.90400230884552, 63.840001821517944, 63.35999816656113, 66.84800237417221, 63.10400366783142, 64.28799778223038, 63.968002796173096, 63.680000603199005, 63.391998410224915, 63.87200206518173, 62.94400244951248, 63.48799914121628, 64.00000303983688, 63.519999384880066, 63.680000603199005, 63.74400109052658, 63.391998410224915, 63.680000603199005, 64.06400352716446, 63.45599889755249, 63.74400109052658, 63.840001821517944, 63.4239986538887, 63.680000603199005, 63.1679967045784, 63.13599646091461, 63.71200084686279, 64.06400352716446, 62.94400244951248, 62.97600269317627, 63.35999816656113, 64.09599632024765, 64.06400352716446, 66.880002617836, 64.70400094985962, 64.19199705123901, 64.38399851322174, 64.31999802589417, 63.61600011587143, 63.64800035953522, 64.19199705123901, 63.840001821517944, 63.4239986538887, 63.58399987220764, 63.58399987220764, 64.19199705123901, 63.391998410224915, 65.18399715423584, 63.32799792289734, 63.519999384880066, 63.10400366783142, 63.35999816656113, 63.61600011587143, 63.519999384880066, 63.391998410224915, 64.00000303983688, 63.840001821517944, 63.35999816656113, 63.29599767923355, 64.00000303983688, 63.840001821517944, 63.74400109052658, 63.29599767923355]",281,17984,508,32512,2368,2368,0.9140703417637915
zipf,3072,0.1875,production_auto,persistent,63.6960007250309,63.61600011587143,63.840001821517944,63.32479789853096,65.07679969072342,90,"[65.34399837255478, 63.13599646091461, 64.70400094985962, 64.25599753856659, 63.61600011587143, 64.70400094985962, 63.58399987220764, 63.519999384880066, 63.80800157785416, 63.26399743556976, 63.58399987220764, 63.4239986538887, 63.61600011587143, 63.35999816656113, 63.551999628543854, 63.4239986538887, 63.35999816656113, 63.48799914121628, 63.74400109052658, 63.93600255250931, 63.71200084686279, 63.519999384880066, 63.48799914121628, 63.80800157785416, 63.93600255250931, 63.64800035953522, 64.19199705123901, 63.61600011587143, 64.35199826955795, 63.64800035953522, 65.72800129652023, 64.83200192451477, 64.06400352716446, 64.60800021886826, 63.90400230884552, 64.19199705123901, 63.58399987220764, 63.45599889755249, 63.45599889755249, 63.680000603199005, 63.80800157785416, 66.78400188684464, 63.58399987220764, 63.80800157785416, 64.06400352716446, 63.551999628543854, 63.87200206518173, 63.64800035953522, 63.64800035953522, 64.03200328350067, 64.00000303983688, 63.90400230884552, 63.93600255250931, 64.4799992442131, 63.87200206518173, 63.968002796173096, 63.93600255250931, 64.15999680757523, 63.4239986538887, 65.0240033864975, 65.66400080919266, 63.64800035953522, 63.551999628543854, 64.12799656391144, 63.551999628543854, 63.29599767923355, 63.45599889755249, 65.11999666690826, 63.4239986538887, 63.4239986538887, 63.48799914121628, 63.58399987220764, 63.4239986538887, 63.391998410224915, 64.00000303983688, 63.77600133419037, 63.680000603199005, 63.61600011587143, 64.86400216817856, 63.19999694824219, 63.840001821517944, 63.58399987220764, 63.61600011587143, 64.96000289916992, 63.13599646091461, 65.0240033864975, 63.77600133419037, 64.00000303983688, 63.519999384880066, 63.80800157785416]",281,17984,508,32512,2368,2368,0.9138407317935475
zipf,4096,0.25,static,persistent,59.82400104403496,59.66399982571602,59.93599817156792,59.275200590491295,61.46079860627651,90,"[62.39999830722809, 59.967998415231705, 59.51999872922897, 60.095999389886856, 60.864001512527466, 61.11999973654747, 59.487998485565186, 60.70400029420853, 59.84000116586685, 59.58399921655655, 59.90400165319443, 59.967998415231705, 59.61599946022034, 60.896001756191254, 60.06399914622307, 60.95999851822853, 59.61599946022034, 60.736000537872314, 59.99999865889549, 61.40799820423126, 59.84000116586685, 61.184000223875046, 59.90400165319443, 59.84000116586685, 59.967998415231705, 59.487998485565186, 59.67999994754791, 59.776000678539276, 59.808000922203064, 59.55199897289276, 63.26399743556976, 60.095999389886856, 59.23200026154518, 59.23200026154518, 59.487998485565186, 60.256000608205795, 59.647999703884125, 59.808000922203064, 59.67999994754791, 59.99999865889549, 59.328000992536545, 59.58399921655655, 59.328000992536545, 59.39200147986412, 59.20000001788139, 59.967998415231705, 59.87200140953064, 59.328000992536545, 59.39200147986412, 59.42400172352791, 59.36000123620033, 59.328000992536545, 60.095999389886856, 59.36000123620033, 59.328000992536545, 61.02399900555611, 59.51999872922897, 60.575999319553375, 59.007998555898666, 59.58399921655655, 62.65600025653839, 60.99199876189232, 60.80000102519989, 59.42400172352791, 60.22400036454201, 60.447998344898224, 59.61599946022034, 59.36000123620033, 59.51999872922897, 59.20000001788139, 59.61599946022034, 61.40799820423126, 59.808000922203064, 59.74400043487549, 59.93599817156792, 59.84000116586685, 61.69600039720535, 59.51999872922897, 59.87200140953064, 59.87200140953064, 61.24800071120262, 61.503998935222626, 59.51999872922897, 59.776000678539276, 61.216000467538834, 60.03199890255928, 59.39200147986412, 59.39200147986412, 59.7120001912117, 60.447998344898224]",293,18752,508,32512,2368,32512,1.0
zipf,4096,0.25,persistent,persistent,67.98400357365608,67.84000247716904,68.06399673223495,67.4239993095398,69.42879967391491,90,"[70.11199742555618, 69.08799707889557, 68.67200136184692, 67.84000247716904, 68.38399916887283, 67.96800345182419, 67.77600198984146, 68.35199892520905, 67.61600077152252, 69.47200000286102, 68.4799998998642, 68.41599941253662, 68.00000369548798, 68.31999868154526, 68.03199648857117, 67.71200150251389, 67.77600198984146, 67.48799979686737, 67.77600198984146, 67.6800012588501, 67.84000247716904, 69.63200122117996, 67.58400052785873, 68.03199648857117, 67.64800101518631, 67.58400052785873, 68.70400160551071, 67.90400296449661, 68.64000111818314, 68.00000369548798, 69.5360004901886, 67.23199784755707, 68.09599697589874, 68.80000233650208, 68.35199892520905, 68.83200258016586, 69.37599927186966, 68.38399916887283, 68.76800209283829, 68.25599819421768, 68.28799843788147, 68.1919977068901, 67.84000247716904, 68.60800087451935, 67.4239993095398, 68.15999746322632, 67.96800345182419, 67.64800101518631, 67.35999882221222, 67.58400052785873, 67.19999760389328, 67.87200272083282, 67.77600198984146, 67.52000004053116, 68.4799998998642, 67.6800012588501, 67.77600198984146, 67.80800223350525, 67.52000004053116, 67.71200150251389, 69.50400024652481, 68.83200258016586, 68.31999868154526, 68.03199648857117, 68.51200014352798, 68.12799721956253, 68.4799998998642, 67.77600198984146, 67.58400052785873, 67.4239993095398, 67.71200150251389, 67.90400296449661, 67.52000004053116, 67.77600198984146, 68.03199648857117, 67.61600077152252, 68.00000369548798, 67.80800223350525, 67.55200028419495, 68.06399673223495, 68.09599697589874, 68.1919977068901, 67.74400174617767, 67.96800345182419, 68.06399673223495, 68.60800087451935, 66.94400310516357, 67.9360032081604, 67.90400296449661, 68.03199648857117]",293,18752,508,32512,2368,2368,0.8799717271610767
zipf,4096,0.25,production_auto,persistent,67.82400235533714,67.71200150251389,67.9200030863285,66.97600334882736,68.80320236086845,90,"[69.98399645090103, 66.39999896287918, 67.71200150251389, 67.48799979686737, 67.48799979686737, 68.09599697589874, 68.89600306749344, 67.55200028419495, 68.03199648857117, 68.38399916887283, 67.77600198984146, 67.55200028419495, 66.97600334882736, 67.87200272083282, 67.52000004053116, 67.58400052785873, 68.06399673223495, 68.83200258016586, 67.48799979686737, 67.87200272083282, 67.6800012588501, 66.91200286149979, 67.80800223350525, 68.03199648857117, 67.58400052785873, 67.71200150251389, 67.58400052785873, 68.31999868154526, 67.6800012588501, 67.77600198984146, 70.78400254249573, 68.35199892520905, 68.28799843788147, 66.91200286149979, 68.12799721956253, 67.9360032081604, 68.09599697589874, 67.74400174617767, 68.38399916887283, 68.70400160551071, 68.1919977068901, 68.00000369548798, 68.4799998998642, 67.32799857854843, 67.55200028419495, 67.84000247716904, 68.06399673223495, 67.90400296449661, 67.55200028419495, 67.84000247716904, 67.90400296449661, 68.60800087451935, 67.90400296449661, 67.80800223350525, 67.6800012588501, 67.58400052785873, 67.58400052785873, 67.58400052785873, 67.48799979686737, 67.77600198984146, 70.68800181150436, 68.76800209283829, 67.6800012588501, 68.06399673223495, 67.77600198984146, 68.54400038719177, 68.06399673223495, 67.58400052785873, 67.96800345182419, 66.6240006685257, 67.07199662923813, 67.35999882221222, 67.9360032081604, 67.87200272083282, 67.61600077152252, 68.12799721956253, 67.00800359249115, 67.32799857854843, 67.48799979686737, 68.03199648857117, 67.84000247716904, 67.96800345182419, 67.23199784755707, 67.84000247716904, 68.2239979505539, 67.55200028419495, 68.06399673223495, 66.97600334882736, 68.00000369548798, 67.6800012588501]",293,18752,508,32512,2368,2368,0.8820476375105478
zipf,6144,0.375,static,persistent,65.40799885988235,65.32759824767709,65.47199934720993,63.90400230884552,65.84160216152668,90,"[64.86400216817856, 64.2239972949028, 65.69600105285645, 64.12799656391144, 65.72800129652023, 65.2799978852272, 65.79200178384781, 65.5359998345375, 65.72800129652023, 65.98400324583054, 63.968002796173096, 65.5359998345375, 65.5359998345375, 64.03200328350067, 65.43999910354614, 65.5680000782013, 65.18399715423584, 65.76000154018402, 65.5680000782013, 63.90400230884552, 65.79200178384781, 65.63200056552887, 65.5359998345375, 65.8240020275116, 65.92000275850296, 64.2239972949028, 63.87200206518173, 65.47199934720993, 64.7680014371872, 64.92800265550613, 65.92000275850296, 64.06400352716446, 65.15199691057205, 65.85600227117538, 63.87200206518173, 65.47199934720993, 63.90400230884552, 65.66400080919266, 65.11999666690826, 65.37599861621857, 65.21599739789963, 65.40799885988235, 65.43999910354614, 65.43999910354614, 64.99200314283371, 64.96000289916992, 63.74400109052658, 65.43999910354614, 65.21599739789963, 65.31199812889099, 65.40799885988235, 65.40799885988235, 64.00000303983688, 65.72800129652023, 65.34399837255478, 65.5359998345375, 65.40799885988235, 64.86400216817856, 65.37599861621857, 65.63200056552887, 67.48799979686737, 64.15999680757523, 63.90400230884552, 65.5680000782013, 65.72800129652023, 65.21599739789963, 65.34399837255478, 64.09599632024765, 64.03200328350067, 65.66400080919266, 65.69600105285645, 65.43999910354614, 65.11999666690826, 65.60000032186508, 65.31199812889099, 65.47199934720993, 65.34399837255478, 65.63200056552887, 65.76000154018402, 65.2799978852272, 65.5359998345375, 64.96000289916992, 65.2799978852272, 65.47199934720993, 65.60000032186508, 65.76000154018402, 65.37599861621857, 65.66400080919266, 65.79200178384781, 64.67200070619583]",315,20160,508,32512,2368,32512,1.0
zipf,6144,0.375,persistent,persistent,71.55200093984604,71.35999947786331,71.71200215816498,70.27199864387512,72.1167977899313,90,"[71.71200215816498, 71.03999704122543, 70.91200351715088, 70.592001080513, 71.71200215816498, 71.96799665689468, 71.87200337648392, 71.23199850320816, 71.23199850320816, 71.71200215816498, 70.36799937486649, 70.3359991312027, 71.77600264549255, 71.87200337648392, 71.45600020885468, 71.84000313282013, 70.62400132417679, 71.84000313282013, 72.15999811887741, 71.1359977722168, 71.74400240182877, 71.80800288915634, 72.03199714422226, 70.27199864387512, 71.9040036201477, 71.55200093984604, 70.43199986219406, 69.88800317049026, 70.94399631023407, 71.23199850320816, 71.9040036201477, 70.68800181150436, 71.32799923419952, 71.68000191450119, 71.9040036201477, 70.27199864387512, 71.87200337648392, 72.03199714422226, 71.3919997215271, 70.23999840021133, 70.91200351715088, 72.22399860620499, 71.74400240182877, 72.28799909353256, 70.11199742555618, 71.96799665689468, 71.9359964132309, 71.19999825954437, 71.19999825954437, 71.42399996519089, 71.45600020885468, 71.55200093984604, 70.49600034952164, 72.03199714422226, 71.9040036201477, 70.39999961853027, 70.23999840021133, 71.80800288915634, 71.84000313282013, 70.65600156784058, 73.91999661922455, 71.00799679756165, 70.49600034952164, 70.3359991312027, 72.15999811887741, 72.06399738788605, 71.32799923419952, 71.84000313282013, 71.74400240182877, 71.52000069618225, 71.23199850320816, 71.68000191450119, 72.06399738788605, 71.35999947786331, 71.84000313282013, 71.35999947786331, 71.87200337648392, 71.48800045251846, 71.6480016708374, 71.19999825954437, 71.71200215816498, 70.52800059318542, 71.55200093984604, 71.96799665689468, 70.65600156784058, 71.68000191450119, 71.48800045251846, 71.35999947786331, 71.99999690055847, 71.77600264549255]",315,20160,508,32512,2368,2368,0.9141323513072827
zipf,6144,0.375,production_auto,persistent,71.50400057435036,71.31199911236763,71.72840228304267,70.06239704787731,72.1775982528925,90,"[72.89600372314453, 70.20799815654755, 70.56000083684921, 70.72000205516815, 70.11199742555618, 71.68000191450119, 72.15999811887741, 71.99999690055847, 72.06399738788605, 71.80800288915634, 70.17599791288376, 71.96799665689468, 71.74400240182877, 70.14399766921997, 72.1919983625412, 71.87200337648392, 71.48800045251846, 71.07199728488922, 72.12799787521362, 71.19999825954437, 71.96799665689468, 71.9359964132309, 71.84000313282013, 71.3919997215271, 71.35999947786331, 71.6480016708374, 71.42399996519089, 70.11199742555618, 71.71200215816498, 71.35999947786331, 72.73600250482559, 70.46400010585785, 70.65600156784058, 71.9359964132309, 71.96799665689468, 70.30399888753891, 72.31999933719635, 70.91200351715088, 72.12799787521362, 71.74400240182877, 71.52000069618225, 71.32799923419952, 71.96799665689468, 71.9359964132309, 71.19999825954437, 71.9359964132309, 71.80800288915634, 70.65600156784058, 70.17599791288376, 72.06399738788605, 71.96799665689468, 70.11199742555618, 71.80800288915634, 70.81600278615952, 71.84000313282013, 71.71200215816498, 71.58400118350983, 71.71200215816498, 71.96799665689468, 71.74400240182877, 72.89600372314453, 71.10399752855301, 71.29599899053574, 71.35999947786331, 71.61600142717361, 70.17599791288376, 70.72000205516815, 71.45600020885468, 70.36799937486649, 70.81600278615952, 71.9040036201477, 71.3919997215271, 71.87200337648392, 70.68800181150436, 69.95200365781784, 69.85600292682648, 69.95200365781784, 70.17599791288376, 69.98399645090103, 71.55200093984604, 71.74400240182877, 70.04799693822861, 70.46400010585785, 71.80800288915634, 71.9359964132309, 70.17599791288376, 71.23199850320816, 70.0799971818924, 71.96799665689468, 71.29599899053574]",315,20160,508,32512,2368,2368,0.9147460049017909
zipf,8192,0.5,static,persistent,69.66400146484375,69.47200000286102,69.74400207400322,69.13439743220806,71.06399722397327,90,"[72.09599763154984, 69.95200365781784, 69.82400268316269, 69.60000097751617, 70.81600278615952, 69.66400146484375, 69.023996591568, 69.72800195217133, 70.81600278615952, 70.3359991312027, 69.05599683523178, 69.40799951553345, 71.1359977722168, 69.66400146484375, 70.14399766921997, 69.43999975919724, 69.43999975919724, 69.7920024394989, 69.43999975919724, 69.92000341415405, 69.82400268316269, 70.01599669456482, 69.69600170850754, 69.66400146484375, 69.08799707889557, 70.30399888753891, 69.2799985408783, 69.60000097751617, 69.7920024394989, 69.37599927186966, 72.89600372314453, 69.76000219583511, 70.20799815654755, 69.43999975919724, 69.40799951553345, 70.88000327348709, 69.85600292682648, 69.31199878454208, 69.5360004901886, 69.56800073385239, 69.56800073385239, 69.95200365781784, 69.43999975919724, 69.76000219583511, 69.69600170850754, 69.34399902820587, 69.31199878454208, 69.72800195217133, 69.40799951553345, 69.24799829721451, 69.43999975919724, 69.69600170850754, 69.50400024652481, 70.39999961853027, 69.37599927186966, 69.95200365781784, 69.7920024394989, 69.34399902820587, 69.47200000286102, 69.66400146484375, 72.57600128650665, 68.9919963479042, 69.82400268316269, 69.72800195217133, 69.40799951553345, 69.5360004901886, 70.88000327348709, 69.95200365781784, 69.2799985408783, 69.43999975919724, 71.26399874687195, 69.76000219583511, 70.81600278615952, 70.0799971818924, 69.95200365781784, 69.37599927186966, 69.47200000286102, 69.43999975919724, 69.11999732255936, 69.15199756622314, 69.37599927186966, 70.97599655389786, 69.43999975919724, 70.04799693822861, 70.27199864387512, 69.34399902820587, 69.24799829721451, 69.21599805355072, 69.24799829721451, 69.69600170850754]",340,21760,508,32512,2368,32512,1.0
zipf,8192,0.5,persistent,persistent,79.69600334763527,79.56760236993432,79.77600023150444,78.28640006482601,80.30560053884983,90,"[79.93599772453308, 78.91199737787247, 80.12799918651581, 79.58400249481201, 78.36800068616867, 79.74400371313095, 79.29600030183792, 80.22399991750717, 79.42400127649307, 80.06399869918823, 79.74400371313095, 79.9039974808693, 79.68000322580338, 80.06399869918823, 79.19999957084656, 79.13599908351898, 78.17599922418594, 79.83999699354172, 79.55200225114822, 79.96799796819687, 79.26400005817413, 79.83999699354172, 79.55200225114822, 80.22399991750717, 79.9039974808693, 80.09599894285202, 80.32000064849854, 80.03199845552444, 79.64800298213959, 80.1599994301796, 81.08799904584885, 78.52800190448761, 80.57600259780884, 79.68000322580338, 80.32000064849854, 79.03999835252762, 80.19199967384338, 79.93599772453308, 79.64800298213959, 79.55200225114822, 78.72000336647034, 79.48800176382065, 80.12799918651581, 79.74400371313095, 79.8719972372055, 79.74400371313095, 79.8719972372055, 79.45600152015686, 79.74400371313095, 80.12799918651581, 79.9039974808693, 79.71200346946716, 79.3600007891655, 79.55200225114822, 79.58400249481201, 79.45600152015686, 79.8719972372055, 78.14399898052216, 78.75200361013412, 80.12799918651581, 81.37600123882294, 79.3600007891655, 78.97599786520004, 78.27199995517731, 78.27199995517731, 78.40000092983246, 80.12799918651581, 78.84799689054489, 80.19199967384338, 79.55200225114822, 78.52800190448761, 79.9039974808693, 78.43200117349625, 79.83999699354172, 79.6160027384758, 78.3040001988411, 79.83999699354172, 79.80799674987793, 79.9039974808693, 78.59200239181519, 79.45600152015686, 79.64800298213959, 79.45600152015686, 79.71200346946716, 78.87999713420868, 79.74400371313095, 79.3600007891655, 77.95199751853943, 80.28800040483475, 79.71200346946716]",340,21760,508,32512,2368,2368,0.8741216439796641
zipf,8192,0.5,production_auto,persistent,79.6000026166439,79.47160163894296,79.74400371313095,78.04799824953079,80.17759956419468,90,"[79.83999699354172, 80.51200211048126, 79.74400371313095, 78.46400141716003, 79.58400249481201, 79.8719972372055, 79.93599772453308, 79.13599908351898, 79.74400371313095, 80.4160013794899, 79.48800176382065, 79.42400127649307, 79.52000200748444, 79.3600007891655, 79.80799674987793, 79.99999821186066, 79.74400371313095, 79.16799932718277, 79.8719972372055, 80.03199845552444, 79.8719972372055, 79.71200346946716, 79.68000322580338, 79.45600152015686, 79.19999957084656, 79.99999821186066, 79.48800176382065, 79.77599650621414, 79.64800298213959, 79.00799810886383, 80.12799918651581, 78.78399640321732, 79.55200225114822, 77.79199630022049, 80.03199845552444, 79.52000200748444, 79.9039974808693, 79.83999699354172, 79.00799810886383, 77.98399776220322, 79.64800298213959, 77.69600301980972, 79.6160027384758, 79.77599650621414, 78.14399898052216, 79.64800298213959, 78.04799824953079, 79.23199981451035, 79.45600152015686, 79.1039988398552, 77.88799703121185, 79.0719985961914, 80.03199845552444, 79.77599650621414, 78.14399898052216, 79.13599908351898, 79.16799932718277, 80.12799918651581, 78.04799824953079, 79.29600030183792, 81.82399719953537, 79.1039988398552, 78.11199873685837, 79.96799796819687, 80.1599994301796, 80.19199967384338, 79.48800176382065, 79.00799810886383, 79.77599650621414, 79.3600007891655, 79.77599650621414, 80.22399991750717, 79.26400005817413, 79.9039974808693, 79.52000200748444, 79.83999699354172, 78.84799689054489, 78.33600044250488, 79.8719972372055, 79.74400371313095, 79.29600030183792, 79.32800054550171, 79.42400127649307, 79.74400371313095, 79.77599650621414, 79.58400249481201, 79.77599650621414, 79.23199981451035, 79.6160027384758, 79.96799796819687]",340,21760,508,32512,2368,2368,0.8751758690304039
zipf,10240,0.625,static,persistent,74.11199808120728,73.7600028514862,74.88000020384789,73.45440052449703,75.71520283818245,90,"[76.28799974918365, 74.07999783754349, 75.32799988985062, 74.43200051784515, 73.31199944019318, 74.75200295448303, 73.98399710655212, 75.3600001335144, 73.66400212049484, 73.66400212049484, 75.23199915885925, 74.20799881219864, 73.60000163316727, 73.95199686288834, 73.56800138950348, 73.7600028514862, 73.66400212049484, 73.47200065851212, 73.44000041484833, 75.3600001335144, 75.29599964618683, 75.1039981842041, 73.63200187683105, 75.48800110816956, 74.14399832487106, 73.37599992752075, 73.63200187683105, 73.66400212049484, 74.30399954319, 73.66400212049484, 75.83999633789062, 75.07199794054031, 74.33599978685379, 73.60000163316727, 73.91999661922455, 75.68000257015228, 74.27199929952621, 75.16799867153168, 73.82400333881378, 75.77600330114365, 73.66400212049484, 73.82400333881378, 76.12799853086472, 75.42400062084198, 73.72800260782242, 75.1039981842041, 75.68000257015228, 75.3600001335144, 75.6160020828247, 73.69600236415863, 75.68000257015228, 75.00799745321274, 75.74400305747986, 75.45600086450577, 75.6160020828247, 75.32799988985062, 75.19999891519547, 75.48800110816956, 75.6160020828247, 75.29599964618683, 75.68000257015228, 74.75200295448303, 74.01599735021591, 74.23999905586243, 73.47200065851212, 73.56800138950348, 75.26399940252304, 73.53600114583969, 73.44000041484833, 73.69600236415863, 73.47200065851212, 75.00799745321274, 73.69600236415863, 73.72800260782242, 74.97599720954895, 73.53600114583969, 73.91999661922455, 73.47200065851212, 75.1039981842041, 73.63200187683105, 75.26399940252304, 73.44000041484833, 73.5040009021759, 73.5040009021759, 73.72800260782242, 73.60000163316727, 75.45600086450577, 73.47200065851212, 73.91999661922455, 73.7600028514862]",362,23168,508,32512,2368,32512,1.0
zipf,10240,0.625,persistent,persistent,84.03199911117554,83.8559977710247,84.28800106048584,83.48480239510536,85.66399663686752,90,"[87.90399879217148, 85.34400165081024, 84.25600081682205, 84.54400300979614, 84.86399799585342, 83.71199667453766, 82.75199681520462, 84.51200276613235, 84.44800227880478, 83.67999643087387, 83.96799862384796, 85.79199761152267, 83.74399691820145, 83.64800363779068, 84.54400300979614, 85.50400286912918, 85.66399663686752, 83.90399813652039, 83.90399813652039, 85.66399663686752, 85.1840004324913, 83.42400193214417, 83.64800363779068, 84.6719965338707, 84.09599959850311, 85.53600311279297, 85.60000360012054, 86.04799956083298, 85.08799970149994, 84.51200276613235, 85.4720026254654, 83.93599838018417, 84.28800106048584, 84.28800106048584, 84.19200032949448, 82.68799632787704, 84.79999750852585, 83.61600339412689, 85.37600189447403, 83.64800363779068, 84.3840017914772, 84.3840017914772, 83.61600339412689, 83.8719978928566, 84.73599702119827, 83.67999643087387, 83.80799740552902, 84.41600203514099, 83.77599716186523, 84.09599959850311, 83.83999764919281, 83.67999643087387, 83.45600217580795, 83.5840031504631, 85.95199882984161, 83.64800363779068, 83.74399691820145, 83.99999886751175, 83.74399691820145, 83.74399691820145, 83.64800363779068, 84.06399935483932, 84.35200154781342, 83.8719978928566, 84.25600081682205, 83.71199667453766, 83.52000266313553, 83.96799862384796, 83.64800363779068, 83.64800363779068, 84.41600203514099, 84.51200276613235, 84.25600081682205, 84.3840017914772, 85.53600311279297, 83.71199667453766, 83.64800363779068, 83.96799862384796, 84.32000130414963, 83.39200168848038, 84.44800227880478, 84.73599702119827, 83.61600339412689, 83.77599716186523, 84.06399935483932, 83.8719978928566, 83.77599716186523, 83.5840031504631, 83.55200290679932, 84.51200276613235]",362,23168,508,32512,2368,2368,0.8819497199293812
zipf,10240,0.625,production_auto,persistent,84.03199911117554,83.96799862384796,84.19280033558607,83.51680263876915,85.9695989638567,90,"[87.77599781751633, 83.64800363779068, 86.43200248479843, 84.35200154781342, 85.75999736785889, 84.35200154781342, 85.66399663686752, 83.96799862384796, 83.67999643087387, 83.5840031504631, 83.71199667453766, 83.77599716186523, 83.67999643087387, 84.25600081682205, 85.21600067615509, 83.99999886751175, 84.03199911117554, 83.67999643087387, 83.83999764919281, 83.83999764919281, 83.55200290679932, 83.90399813652039, 83.93599838018417, 83.74399691820145, 83.93599838018417, 83.64800363779068, 85.37600189447403, 84.03199911117554, 83.74399691820145, 83.80799740552902, 86.36800199747086, 85.24800091981888, 84.54400300979614, 84.09599959850311, 83.80799740552902, 83.77599716186523, 85.9839990735054, 84.3840017914772, 84.32000130414963, 84.32000130414963, 84.32000130414963, 84.1279998421669, 83.99999886751175, 85.08799970149994, 83.99999886751175, 82.91199803352356, 83.5840031504631, 84.19200032949448, 83.96799862384796, 85.4720026254654, 84.19200032949448, 84.32000130414963, 84.03199911117554, 83.93599838018417, 84.927998483181, 85.40800213813782, 84.35200154781342, 83.20000022649765, 85.15200018882751, 84.19200032949448, 86.01599931716919, 83.61600339412689, 83.55200290679932, 84.86399799585342, 83.48800241947174, 83.48800241947174, 83.5840031504631, 84.44800227880478, 84.3840017914772, 83.61600339412689, 85.95199882984161, 84.1279998421669, 85.66399663686752, 83.77599716186523, 84.03199911117554, 83.64800363779068, 84.19200032949448, 85.60000360012054, 83.64800363779068, 83.48800241947174, 84.03199911117554, 84.19200032949448, 85.63199639320374, 85.15200018882751, 85.24800091981888, 85.21600067615509, 83.93599838018417, 85.60000360012054, 83.74399691820145, 83.99999886751175]",362,23168,508,32512,2368,2368,0.8819497199293812
zipf,12288,0.75,static,persistent,79.85599711537361,79.76000010967255,79.99999821186066,79.21119965612888,81.43680170178413,90,"[81.82399719953537, 79.00799810886383, 79.80799674987793, 80.06399869918823, 79.39200103282928, 80.89599758386612, 79.8719972372055, 80.73599636554718, 79.6160027384758, 79.93599772453308, 93.05600076913834, 80.57600259780884, 79.48800176382065, 79.77599650621414, 79.71200346946716, 79.74400371313095, 79.52000200748444, 79.83999699354172, 79.68000322580338, 79.68000322580338, 81.08799904584885, 80.06399869918823, 79.39200103282928, 79.39200103282928, 79.77599650621414, 80.25600016117096, 80.28800040483475, 79.64800298213959, 79.58400249481201, 79.96799796819687, 80.6720033288002, 78.78399640321732, 80.06399869918823, 79.93599772453308, 80.09599894285202, 79.3600007891655, 79.3600007891655, 79.6160027384758, 79.6160027384758, 80.1599994301796, 79.77599650621414, 79.6160027384758, 80.4160013794899, 82.62400329113007, 80.22399991750717, 80.60800284147263, 79.9039974808693, 79.58400249481201, 80.22399991750717, 79.58400249481201, 80.51200211048126, 80.19199967384338, 80.48000186681747, 80.03199845552444, 79.68000322580338, 80.19199967384338, 80.38400113582611, 80.92799782752991, 79.8719972372055, 79.71200346946716, 81.98399841785431, 78.97599786520004, 79.77599650621414, 80.32000064849854, 79.93599772453308, 79.77599650621414, 80.1599994301796, 79.64800298213959, 79.64800298213959, 79.74400371313095, 80.06399869918823, 79.48800176382065, 79.6160027384758, 80.12799918651581, 79.58400249481201, 79.6160027384758, 79.9039974808693, 79.99999821186066, 79.52000200748444, 80.89599758386612, 80.35200089216232, 81.11999928951263, 79.1039988398552, 79.80799674987793, 79.16799932718277, 79.8719972372055, 79.64800298213959, 79.26400005817413, 79.80799674987793, 81.69600367546082]",392,25088,508,32512,2368,32512,1.0
zipf,12288,0.75,persistent,persistent,89.72799777984619,89.61599692702293,89.88799899816513,88.03199976682663,90.30720219016075,90,"[89.47200328111649, 88.41600269079208, 89.50400352478027, 88.41600269079208, 87.87199854850769, 88.128000497818, 87.93599903583527, 87.93599903583527, 88.03199976682663, 89.59999680519104, 89.88799899816513, 89.05600011348724, 89.28000181913376, 90.11200070381165, 90.01599997282028, 89.88799899816513, 88.03199976682663, 89.91999924182892, 87.96799927949905, 90.27200192213058, 88.03199976682663, 90.2400016784668, 90.17600119113922, 88.25600147247314, 89.91999924182892, 88.16000074148178, 89.24800157546997, 89.47200328111649, 89.9839997291565, 88.35200220346451, 91.90399944782257, 89.37600255012512, 90.36800265312195, 90.20800143480301, 90.27200192213058, 88.99199962615967, 88.51200342178345, 89.47200328111649, 89.9519994854927, 89.12000060081482, 89.85599875450134, 89.63199704885483, 89.63199704885483, 90.11200070381165, 89.6959975361824, 89.82399851083755, 90.14400094747543, 89.63199704885483, 90.01599997282028, 90.08000046014786, 89.85599875450134, 89.72799777984619, 89.9519994854927, 90.01599997282028, 90.14400094747543, 89.6959975361824, 88.92799913883209, 90.62399715185165, 89.9519994854927, 89.59999680519104, 90.87999910116196, 89.1840010881424, 88.86399865150452, 89.85599875450134, 89.63199704885483, 90.2400016784668, 90.08000046014786, 88.92799913883209, 89.75999802350998, 90.17600119113922, 89.66399729251862, 89.88799899816513, 89.72799777984619, 89.9519994854927, 89.40800279378891, 89.50400352478027, 90.17600119113922, 88.60799670219421, 89.88799899816513, 89.9839997291565, 89.9519994854927, 90.11200070381165, 89.66399729251862, 89.91999924182892, 89.56799656152725, 89.85599875450134, 89.72799777984619, 90.33600240945816, 88.99199962615967, 90.04800021648407]",392,25088,508,32512,2368,2368,0.8899785918694607
zipf,12288,0.75,production_auto,persistent,89.66399729251862,89.53599631786346,89.72799777984619,88.28480169177055,90.81599861383438,90,"[90.81599861383438, 88.76799792051315, 88.67199718952179, 89.66399729251862, 89.4400030374527, 89.4400030374527, 88.22400122880936, 89.31200206279755, 89.9839997291565, 89.63199704885483, 90.52799642086029, 89.91999924182892, 90.04800021648407, 90.17600119113922, 89.9519994854927, 90.01599997282028, 89.6959975361824, 87.99999952316284, 88.57599645853043, 89.40800279378891, 90.52799642086029, 88.8959988951683, 90.81599861383438, 89.63199704885483, 90.17600119113922, 89.9839997291565, 90.2400016784668, 89.9519994854927, 88.73599767684937, 89.6959975361824, 91.61599725484848, 89.28000181913376, 88.32000195980072, 88.54400366544724, 88.79999816417694, 90.17600119113922, 88.3840024471283, 89.66399729251862, 88.03199976682663, 89.59999680519104, 89.9839997291565, 88.51200342178345, 88.48000317811966, 89.34400230646133, 89.53599631786346, 89.6959975361824, 89.75999802350998, 89.66399729251862, 89.50400352478027, 89.91999924182892, 88.25600147247314, 90.04800021648407, 90.04800021648407, 89.91999924182892, 89.59999680519104, 89.53599631786346, 89.6959975361824, 89.66399729251862, 89.47200328111649, 89.6959975361824, 91.74399822950363, 89.34400230646133, 88.57599645853043, 88.51200342178345, 88.86399865150452, 88.73599767684937, 90.17600119113922, 88.06400001049042, 88.8959988951683, 88.76799792051315, 90.65599739551544, 88.48000317811966, 89.63199704885483, 90.2400016784668, 89.75999802350998, 89.50400352478027, 89.66399729251862, 90.11200070381165, 89.12000060081482, 90.84799885749817, 89.79199826717377, 90.20800143480301, 90.71999788284302, 89.66399729251862, 90.08000046014786, 89.4400030374527, 90.04800021648407, 91.23200178146362, 89.28000181913376, 89.85599875450134]",392,25088,508,32512,2368,2368,0.8906138419733004
zipf,14336,0.875,static,persistent,84.59199965000153,84.3840017914772,84.95999872684479,83.8719978928566,86.09759993851185,90,"[85.9839990735054, 84.89599823951721, 84.95999872684479, 84.51200276613235, 84.41600203514099, 84.25600081682205, 86.04799956083298, 85.50400286912918, 85.50400286912918, 85.50400286912918, 83.8719978928566, 84.44800227880478, 85.88799834251404, 84.22400057315826, 84.35200154781342, 84.22400057315826, 85.4720026254654, 84.06399935483932, 85.34400165081024, 84.06399935483932, 85.69599688053131, 83.99999886751175, 85.1840004324913, 86.07999980449677, 85.9839990735054, 86.04799956083298, 84.06399935483932, 86.20800077915192, 84.28800106048584, 85.11999994516373, 86.62399649620056, 84.86399799585342, 84.927998483181, 84.41600203514099, 83.77599716186523, 85.69599688053131, 84.16000008583069, 85.34400165081024, 83.99999886751175, 84.48000252246857, 83.8719978928566, 83.93599838018417, 84.48000252246857, 83.8719978928566, 85.88799834251404, 83.8719978928566, 84.1279998421669, 83.83999764919281, 83.96799862384796, 84.06399935483932, 85.24800091981888, 84.3840017914772, 84.48000252246857, 84.3840017914772, 84.1279998421669, 84.3840017914772, 83.64800363779068, 83.99999886751175, 83.96799862384796, 83.99999886751175, 88.86399865150452, 85.4720026254654, 84.79999750852585, 84.1279998421669, 84.6719965338707, 85.50400286912918, 84.6719965338707, 83.93599838018417, 84.1279998421669, 84.51200276613235, 85.66399663686752, 85.28000116348267, 86.11200004816055, 85.69599688053131, 83.99999886751175, 85.60000360012054, 85.75999736785889, 84.3840017914772, 83.99999886751175, 84.73599702119827, 84.25600081682205, 86.33600175380707, 84.16000008583069, 85.79199761152267, 84.83199775218964, 84.6719965338707, 85.79199761152267, 85.66399663686752, 85.82399785518646, 85.91999858617783]",416,26624,508,32512,2368,32512,1.0
zipf,14336,0.875,persistent,persistent,95.74399888515472,95.66399827599525,95.87239986285567,94.15840171277523,96.46559692919254,90,"[97.37599641084671, 93.56799721717834, 96.00000083446503, 95.90400010347366, 94.43199634552002, 95.58399766683578, 94.24000233411789, 94.46399658918381, 95.58399766683578, 95.71199864149094, 95.93600034713745, 95.74399888515472, 95.71199864149094, 94.04800087213516, 94.27200257778168, 96.3200032711029, 94.27200257778168, 94.14400160312653, 96.03200107812881, 96.09600156545639, 95.51999717950821, 95.61599791049957, 96.22400254011154, 95.74399888515472, 94.40000355243683, 95.48799693584442, 95.71199864149094, 95.64799815416336, 96.38399630784988, 95.74399888515472, 97.85600006580353, 95.45599669218063, 94.87999975681305, 94.11200135946274, 95.67999839782715, 94.04800087213516, 96.19200229644775, 95.58399766683578, 95.83999961614609, 96.03200107812881, 94.36800330877304, 96.3520035147667, 96.38399630784988, 95.67999839782715, 94.24000233411789, 94.81599926948547, 94.17600184679031, 95.96800059080124, 96.0640013217926, 95.67999839782715, 94.62399780750275, 94.40000355243683, 96.09600156545639, 96.03200107812881, 96.28800302743912, 94.24000233411789, 96.19200229644775, 95.551997423172, 96.25600278377533, 95.87199985980988, 97.63199836015701, 95.51999717950821, 95.67999839782715, 96.25600278377533, 95.71199864149094, 96.41599655151367, 95.77599912881851, 96.47999703884125, 95.90400010347366, 95.83999961614609, 95.77599912881851, 94.62399780750275, 96.25600278377533, 96.3520035147667, 95.96800059080124, 95.77599912881851, 96.16000205278397, 96.03200107812881, 95.29600292444229, 95.45599669218063, 95.71199864149094, 95.61599791049957, 96.3200032711029, 96.51199728250504, 96.03200107812881, 96.44799679517746, 94.46399658918381, 94.62399780750275, 95.87199985980988, 96.00000083446503]",416,26624,508,32512,2368,2368,0.8835227339049201
zipf,14336,0.875,production_auto,persistent,95.87199985980988,95.75999900698662,96.00000083446503,94.20480206608772,96.5615976601839,90,"[97.31200337409973, 95.07200121879578, 94.30400282144547, 96.3200032711029, 95.90400010347366, 95.23200243711472, 95.8079993724823, 96.25600278377533, 95.39200365543365, 94.11200135946274, 96.12800180912018, 94.17600184679031, 94.01600062847137, 96.22400254011154, 94.36800330877304, 96.09600156545639, 95.61599791049957, 95.93600034713745, 94.4959968328476, 95.83999961614609, 94.62399780750275, 95.90400010347366, 94.14400160312653, 95.58399766683578, 96.03200107812881, 96.00000083446503, 95.39200365543365, 96.09600156545639, 95.58399766683578, 94.40000355243683, 98.55999797582626, 95.87199985980988, 95.90400010347366, 96.03200107812881, 94.52799707651138, 95.77599912881851, 96.57599776983261, 96.41599655151367, 96.3200032711029, 95.93600034713745, 96.25600278377533, 96.38399630784988, 95.93600034713745, 96.25600278377533, 96.89600020647049, 96.12800180912018, 96.00000083446503, 95.71199864149094, 96.0640013217926, 96.16000205278397, 95.87199985980988, 95.8079993724823, 96.57599776983261, 95.8079993724823, 96.41599655151367, 95.23200243711472, 96.22400254011154, 96.25600278377533, 95.83999961614609, 96.16000205278397, 96.54399752616882, 95.48799693584442, 94.71999853849411, 94.14400160312653, 94.24000233411789, 96.12800180912018, 94.65599805116653, 96.22400254011154, 94.59199756383896, 95.42399644851685, 95.32800316810608, 94.30400282144547, 96.25600278377533, 95.71199864149094, 96.3200032711029, 95.13600170612335, 95.77599912881851, 96.0640013217926, 95.83999961614609, 96.22400254011154, 96.19200229644775, 95.61599791049957, 95.8079993724823, 95.71199864149094, 94.33600306510925, 96.03200107812881, 96.19200229644775, 95.36000341176987, 96.0640013217926, 94.52799707651138]",416,26624,508,32512,2368,2368,0.8823431218050872
zipf,16384,1.0,static,persistent,89.99999985098839,89.90399911999702,90.08000046014786,89.26240168511868,91.09600074589252,90,"[91.36000275611877, 89.02399986982346, 89.63199704885483, 90.4960036277771, 89.4400030374527, 90.33600240945816, 89.66399729251862, 90.62399715185165, 89.72799777984619, 90.52799642086029, 89.75999802350998, 90.11200070381165, 89.56799656152725, 89.75999802350998, 89.28000181913376, 90.43200314044952, 89.24800157546997, 89.72799777984619, 90.17600119113922, 89.91999924182892, 89.28000181913376, 90.20800143480301, 89.1840010881424, 89.08800035715103, 89.9839997291565, 90.01599997282028, 90.11200070381165, 89.66399729251862, 89.37600255012512, 90.20800143480301, 92.70399808883667, 90.33600240945816, 90.52799642086029, 89.91999924182892, 90.08000046014786, 89.66399729251862, 89.9519994854927, 90.08000046014786, 90.46400338411331, 89.79199826717377, 89.75999802350998, 89.9519994854927, 89.6959975361824, 90.08000046014786, 89.59999680519104, 91.2960022687912, 90.08000046014786, 89.72799777984619, 89.88799899816513, 90.04800021648407, 90.91199934482574, 89.6959975361824, 89.88799899816513, 90.30400216579437, 91.45600348711014, 90.08000046014786, 89.91999924182892, 91.00800007581711, 89.82399851083755, 90.40000289678574, 90.84799885749817, 89.82399851083755, 90.01599997282028, 90.30400216579437, 90.65599739551544, 89.47200328111649, 89.9839997291565, 89.72799777984619, 89.9839997291565, 90.08000046014786, 89.59999680519104, 89.85599875450134, 89.88799899816513, 89.6959975361824, 90.59199690818787, 90.59199690818787, 89.56799656152725, 90.01599997282028, 89.63199704885483, 90.14400094747543, 90.4960036277771, 89.24800157546997, 90.08000046014786, 90.17600119113922, 91.16800129413605, 90.7519981265068, 89.9839997291565, 90.08000046014786, 90.36800265312195, 90.04800021648407]",444,28416,508,32512,2368,32512,1.0
zipf,16384,1.0,persistent,persistent,101.84000059962273,101.56799852848053,102.01600193977356,100.22080317139626,102.66559943556786,90,"[103.16800326108932, 101.6639992594719, 102.24000364542007, 101.05600208044052, 101.85600072145462, 101.88800096511841, 101.75999999046326, 102.08000242710114, 101.85600072145462, 102.24000364542007, 102.11200267076492, 100.3199964761734, 101.27999633550644, 101.82400047779083, 100.5759984254837, 101.88800096511841, 102.01600193977356, 102.1760031580925, 100.89600086212158, 102.1760031580925, 102.27199643850327, 101.31199657917023, 102.24000364542007, 101.72799974679947, 102.55999863147736, 102.30399668216705, 102.4319976568222, 102.20800340175629, 101.31199657917023, 101.85600072145462, 102.75200009346008, 100.41599720716476, 100.54399818181992, 101.9200012087822, 100.63999891281128, 102.08000242710114, 100.35199671983719, 102.30399668216705, 102.20800340175629, 100.38399696350098, 100.60799866914749, 100.41599720716476, 100.51199793815613, 102.1760031580925, 102.04800218343735, 102.75200009346008, 102.20800340175629, 102.11200267076492, 100.41599720716476, 101.69599950313568, 102.4319976568222, 101.56799852848053, 102.08000242710114, 102.27199643850327, 102.01600193977356, 100.41599720716476, 102.08000242710114, 102.52799838781357, 100.54399818181992, 100.44799745082855, 102.75200009346008, 101.47199779748917, 101.69599950313568, 100.25600343942642, 100.73599964380264, 101.95200145244598, 102.78400033712387, 102.04800218343735, 100.41599720716476, 101.79200023412704, 100.12800246477127, 100.25600343942642, 100.38399696350098, 102.30399668216705, 101.88800096511841, 100.3199964761734, 102.33599692583084, 102.4319976568222, 100.16000270843506, 100.09600222110748, 101.59999877214432, 101.05600208044052, 100.44799745082855, 100.19200295209885, 100.35199671983719, 102.20800340175629, 102.30399668216705, 101.82400047779083, 100.28800368309021, 100.12800246477127]",444,28416,508,32512,2368,2368,0.8837391920765739
zipf,16384,1.0,production_auto,persistent,101.51999816298485,100.94400122761726,101.71199962496758,100.16000270843506,102.44959779083729,90,"[105.79200088977814, 100.96000134944916, 100.28800368309021, 100.41599720716476, 100.35199671983719, 100.12800246477127, 100.54399818181992, 101.69599950313568, 100.3199964761734, 100.54399818181992, 101.79200023412704, 101.56799852848053, 101.75999999046326, 100.51199793815613, 100.44799745082855, 101.6639992594719, 100.0640019774437, 100.35199671983719, 100.5759984254837, 102.14400291442871, 101.3759970664978, 100.60799866914749, 101.98400169610977, 100.00000149011612, 101.75999999046326, 101.98400169610977, 100.16000270843506, 101.98400169610977, 100.0640019774437, 102.24000364542007, 103.61599922180176, 101.47199779748917, 100.99200159311295, 101.98400169610977, 100.51199793815613, 101.59999877214432, 100.89600086212158, 100.63999891281128, 101.59999877214432, 100.3199964761734, 100.47999769449234, 100.38399696350098, 101.3759970664978, 100.28800368309021, 100.16000270843506, 102.08000242710114, 100.41599720716476, 102.27199643850327, 101.21600329875946, 102.33599692583084, 100.3199964761734, 101.72799974679947, 101.02400183677673, 101.95200145244598, 102.24000364542007, 101.85600072145462, 102.24000364542007, 102.1760031580925, 100.22400319576263, 100.54399818181992, 103.5199984908104, 101.56799852848053, 102.1760031580925, 101.72799974679947, 100.47999769449234, 102.14400291442871, 100.51199793815613, 101.50399804115295, 100.41599720716476, 101.6319990158081, 101.08800232410431, 102.39999741315842, 101.98400169610977, 100.54399818181992, 102.20800340175629, 100.25600343942642, 102.52799838781357, 101.88800096511841, 101.53599828481674, 101.79200023412704, 101.6319990158081, 101.72799974679947, 101.88800096511841, 102.36799716949463, 100.35199671983719, 100.80000013113022, 102.46399790048599, 102.4319976568222, 100.3199964761734, 102.1760031580925]",444,28416,508,32512,2368,2368,0.8865248372689908
